date,open,high,low,close,volume,dividend,split
2015-05-15,18251.9707,18272.7207,18215.07031,18272.56055,108220000,0,0
2015-05-18,18267.25,18325.53906,18244.25977,18298.88086,79080000,0,0
2015-05-19,18300.48047,18351.35938,18261.34961,18312.39063,87200000,0,0
2015-05-20,18315.06055,18350.13086,18272.56055,18285.40039,80190000,0,0
2015-05-21,18285.86914,18314.89063,18249.90039,18285.74023,84270000,0,0
2015-05-22,18286.86914,18286.86914,18217.14063,18232.01953,78890000,0,0
2015-05-26,18229.75,18229.75,17990.01953,18041.53906,109440000,0,0
2015-05-27,18045.08008,18190.34961,18045.08008,18162.99023,96400000,0,0
2015-05-28,18154.14063,18154.14063,18066.40039,18126.11914,67510000,0,0
2015-05-29,18128.11914,18128.11914,17967.74023,18010.67969,139810000,0,0
2015-06-01,18017.82031,18105.83008,17982.06055,18040.36914,85640000,0,0
2015-06-02,18033.33008,18091.86914,17925.33008,18011.93945,77550000,0,0
2015-06-03,18018.41992,18168.08984,18010.41992,18076.26953,73120000,0,0
2015-06-04,18072.4707,18087.15039,0,17905.58008,93470000,0,0
2015-06-05,17905.38086,17940.7793,17822.90039,17849.46094,89140000,0,0
2015-06-08,17849.46094,17852.34961,17760.60938,17766.55078,86300000,0,0
2015-06-09,17766.94922,17817.83008,17714.9707,17764.03906,90550000,0,0
2015-06-10,17765.38086,18045.14063,17765.38086,18000.40039,96980000,0,0
2015-06-11,18001.26953,18109.76953,18001.26953,18039.36914,89490000,0,0
2015-06-12,18035.83008,18035.83008,17857.07031,17898.83984,83760000,0,0
2015-06-15,17890.75977,17890.75977,17698.41992,17791.16992,91920000,0,0
2015-06-16,17787.42969,17919.61914,17774.11914,17904.48047,77510000,0,0
2015-06-17,17909.58008,17998,17839.65039,17935.74023,92410000,0,0
2015-06-18,17944.60938,18174.73047,17944.60938,18115.83984,94460000,0,0
2015-06-19,18116.24023,18117.71094,18010.58008,18015.94922,258300000,0,0
2015-06-22,18027.63086,18181.66992,18027.63086,18119.7793,77780000,0,0
2015-06-23,18121.7793,18188.81055,18108.09961,18144.07031,75970000,0,0
2015-06-24,18139.09961,18139.09961,17966.07031,17966.07031,104980000,0,0
2015-06-25,17977.10938,18036.09961,17890.35938,17890.35938,78990000,0,0
2015-06-26,17892.0293,18013.15039,17892.0293,17946.67969,158120000,0,0
2015-06-29,17936.74023,17936.74023,17590.55078,17596.34961,116340000,0,0
2015-06-30,17599.96094,17714.66016,17576.5,17619.50977,126460000,0,0
2015-07-01,17638.11914,17801.83008,17638.11914,17757.91016,87010000,0,0
2015-07-02,17763.32031,17825.49023,17687.51953,17730.10938,83080000,0,0
2015-07-06,17728.08008,17734.35938,0,17683.58008,90130000,0,0
2015-07-07,17684.91992,17793.44922,17465.67969,17776.91016,105840000,0,0
2015-07-08,17759.00977,17759.00977,0,17515.41992,69830000,0,0
2015-07-09,17530.38086,17764.84961,17530.38086,17548.61914,100520000,0,0
2015-07-10,17561.11914,17797.49023,17561.11914,17760.41016,85800000,0,0
2015-07-13,17787.26953,17987.57031,17787.26953,17977.67969,86380000,0,0
2015-07-14,17974.60938,18072.82031,17956.16992,18053.58008,76740000,0,0
2015-07-15,18053.38086,18090.39063,18010.15039,18050.16992,80460000,0,0
2015-07-16,18078.16016,18131.60938,18065.33008,18120.25,85030000,0,0
2015-07-17,18117.58008,18121.11914,18032.06055,18086.44922,106510000,0,0
2015-07-20,18085.91016,18137.11914,18064.5,18100.41016,75060000,0,0
2015-07-21,18096.66992,18096.66992,17868.33984,17919.28906,100170000,0,0
2015-07-22,17918.34961,17919.34961,17807.41016,17851.03906,112370000,0,0
2015-07-23,17853.7793,17860.94922,17705.0293,17731.91992,88600000,0,0
2015-07-24,17731.05078,17756.53906,17553.73047,0,103470000,0,0
2015-07-27,17561.7793,17561.7793,17399.16992,17440.58984,117860000,0,0
2015-07-28,17449.81055,17650.07031,17449.81055,0,103450000,0,0
2015-07-29,17631.40039,17776.7793,17629.19922,17751.39063,93140000,0,0
2015-07-30,17743.24023,17761.25,17640.84961,0,76650000,0,0
2015-07-31,17755.86914,17783.58984,17671.58984,17689.85938,106120000,0,0
2015-08-03,17696.74023,17704.75977,17496.60938,17598.19922,87880000,0,0
2015-08-04,17596.92969,17635.7793,17505.5,17550.68945,99060000,0,0
2015-08-05,17555.24023,17661.36914,17492.90039,17540.4707,102450000,0,0
2015-08-06,17542.60938,17572.03906,17362.85938,0,96170000,0,0
2015-08-07,17414.93945,17414.93945,17279.08008,17373.38086,81800000,0,0
2015-08-10,17375.17969,17629.13086,17375.17969,17615.16992,92430000,0,0
2015-08-11,17593.58984,17593.58984,17352.63086,17402.83984,103010000,0,0
2015-08-12,17382.92969,17423.90039,17125.81055,17402.50977,120400000,0,0
2015-08-13,17401.64063,17481.7793,17341.33984,17408.25,88550000,0,0
2015-08-14,17410.11914,17492.90039,17394.06055,17477.40039,82120000,0,0
2015-08-17,17472.66016,17551.40039,17341.7207,0,73380000,0,0
2015-08-18,17537.30078,17568.40039,17486.41992,17511.33984,79900000,0,0
2015-08-19,17508.74023,17517.18945,17282.41992,17348.73047,104720000,0,0
2015-08-20,17345.32031,17345.32031,16990.68945,16990.68945,128530000,0,0
2015-08-21,16990.68945,16990.68945,16459.55078,16459.75,225170000,0,0
2015-08-24,16459.75,16459.75,15370.33008,15871.34961,293920000,0,0
2015-08-25,15882.26953,16312.94043,15651.24023,15666.44043,213220000,0,0
2015-08-26,15676.25977,16303.75,15676.25977,16285.50977,208420000,0,0
2015-08-27,16285.50977,16666.68945,16285.50977,16654.76953,171980000,0,0
2015-08-28,16649.41992,16669.9707,16535.17969,16643.00977,131790000,0,0
2015-08-31,16632.01953,16632.01953,0,16528.0293,141440000,0,0
2015-09-01,16528.0293,16528.0293,15979.9502,16058.34961,171390000,0,0
2015-09-02,16058.34961,16352.58008,16058.34961,16351.37988,133480000,0,0
2015-09-03,16364.33984,16550.07031,16317.30957,16374.75977,109730000,0,0
2015-09-04,16371.75977,16371.75977,16026.61035,16102.37988,127270000,0,0
2015-09-08,16109.92969,16503.41016,16109.92969,16492.67969,123870000,0,0
2015-09-09,16505.03906,16664.65039,16220.09961,16253.57031,118790000,0,0
2015-09-10,16252.57031,16441.93945,16212.08008,16330.40039,122690000,0,0
2015-09-11,16330.40039,16434.75977,16244.65039,16433.08984,104630000,0,0
2015-09-14,16450.85938,16450.85938,16330.87012,16370.95996,92660000,0,0
2015-09-15,16382.58008,16644.10938,16382.58008,0,93050000,0,0
2015-09-16,16599.50977,16755.98047,16593.90039,16739.94922,99620000,0,0
2015-09-17,16738.08008,16933.42969,16639.92969,16674.74023,129600000,0,0
2015-09-18,16674.74023,16674.74023,16343.75977,16384.58008,341690000,0,0
2015-09-21,16406.09961,16578.59961,16391.88086,16510.18945,90730000,0,0
2015-09-22,0,0,0,0,0,0,0
2015-09-23,16332.80957,16355.29004,0,0,86030000,0,0
2015-09-24,16257.11035,16257.11035,16016.36035,16201.32031,122220000,0,0
2015-09-25,16205.07031,16465.23047,16205.07031,16314.66992,130790000,0,0
2015-09-28,16313.25977,16313.25977,15981.84961,16001.88965,139930000,0,0
2015-09-29,16001.75977,16118.88965,15942.37012,16049.12988,121160000,0,0
2015-09-30,16057.08008,16297.59961,16057.08008,16284.7002,145740000,0,0
2015-10-01,16278.62012,16348.87012,16073.82031,16272.00977,111420000,0,0
2015-10-02,16258.25,16472.76953,16013.66016,16472.36914,136870000,0,0
2015-10-05,16502.09961,16798.36914,16502.09961,16776.42969,127660000,0,0
2015-10-06,16774.01953,16865.08984,16746.0293,16790.18945,120010000,0,0
2015-10-07,16805.41992,16963.30078,16765,16912.28906,115690000,0,0
2015-10-08,16904.16992,17081.2793,16859.33984,17050.75,100730000,0,0
2015-10-09,17054.68945,17110.88086,17027.23047,17084.49023,103730000,0,0
2015-10-12,17082.28906,17139.21094,17064.58008,17131.85938,72500000,0,0
2015-10-13,17113.55078,17172.81055,17034.44922,17081.89063,99400000,0,0
2015-10-14,17079.08008,17111.38086,16887.66992,16924.75,120110000,0,0
2015-10-15,16944.85938,17144.41992,16933.57031,17141.75,122960000,0,0
2015-10-16,17141.75,17220.01953,17107.34961,17215.9707,145880000,0,0
2015-10-19,17209.42969,17235.94922,17129.18945,17230.53906,118430000,0,0
2015-10-20,17228.4707,17264.88086,17147.99023,17217.10938,106670000,0,0
2015-10-21,17225.92969,17314.99023,17153.13086,17168.60938,107100000,0,0
2015-10-22,17180.88086,17505.17969,0,17489.16016,152420000,0,0
2015-10-23,17525.10938,17679.36914,17525.10938,17646.69922,158090000,0,0
2015-10-26,17649.57031,17660.69922,17602.50977,17623.05078,116660000,0,0
2015-10-27,17608.89063,17635.17969,17540.57031,17581.42969,113960000,0,0
2015-10-28,17586.68945,17779.94922,17556.71094,17779.51953,115630000,0,0
2015-10-29,17771.5,17786,17684.7207,17755.80078,90300000,0,0
2015-10-30,17756.59961,17799.96094,17662.86914,17663.53906,149250000,0,0
2015-11-02,17672.61914,17845.90039,17655.01953,17828.75977,100840000,0,0
2015-11-03,17819.74023,17977.84961,17796.01953,17918.15039,92290000,0,0
2015-11-04,17929.58008,17964.11914,17828.83008,17867.58008,99890000,0,0
2015-11-05,17871.25,17929.50977,0,17863.42969,98910000,0,0
2015-11-06,17855.2207,17912.03906,17768.59961,17910.33008,107450000,0,0
2015-11-09,17900.7793,17900.7793,17667.7793,17730.48047,121210000,0,0
2015-11-10,17724.13086,17768.66016,17657.7207,17758.21094,108640000,0,0
2015-11-11,17769.5,17807.17969,17696.91016,17702.2207,95230000,0,0
2015-11-12,17691.92969,17691.92969,17443.5,17448.07031,113660000,0,0
2015-11-13,17439.25,17439.25,17238.89063,17245.24023,134640000,0,0
2015-11-16,17229.93945,17483.00977,17210.42969,17483.00977,137590000,0,0
2015-11-17,17486.99023,17599.33008,17451.41016,17489.5,167190000,0,0
2015-11-18,17485.49023,17752.16016,17485.49023,0,106810000,0,0
2015-11-19,17739.83008,17772.9707,17681.98047,17732.75,114630000,0,0
2015-11-20,17732.75,17914.33984,17732.75,17823.81055,153140000,0,0
2015-11-23,17823.60938,17868.17969,17751.5293,17792.67969,134680000,0,0
2015-11-24,17770.90039,17862.59961,17683.50977,17812.18945,127170000,0,0
2015-11-25,17820.81055,17854.91992,17801.83008,17813.39063,82540000,0,0
2015-11-27,17806.03906,17830.35938,17749.32031,17813.39063,82540000,0,0
2015-11-30,17802.83984,17837.24023,17719.78906,17719.91992,155560000,0,0
2015-12-01,17719.7207,17895.5,17719.7207,0,103880000,0,0
2015-12-02,17883.14063,17901.58008,17708.19922,17729.67969,102860000,0,0
2015-12-03,17741.57031,17780.58984,17425.56055,17477.66992,126990000,0,0
2015-12-04,17482.67969,17866.4707,17482.67969,17847.63086,137650000,0,0
2015-12-07,17845.49023,17845.49023,17639.25,17730.50977,99670000,0,0
2015-12-08,17703.99023,17703.99023,17485.39063,17568,113720000,0,0
2015-12-09,17558.17969,17767.68945,17403.50977,0,122020000,0,0
2015-12-10,17493.16992,17697.74023,17474.66016,17574.75,107310000,0,0
2015-12-11,17574.75,17574.75,17230.5,17265.21094,134510000,0,0
2015-12-14,17277.10938,17378.01953,17138.4707,17368.5,142540000,0,0
2015-12-15,17374.7793,17627.63086,17341.17969,17524.91016,123430000,0,0
2015-12-16,17530.84961,17784.35938,17483.67969,17749.08984,123790000,0,0
2015-12-17,17756.53906,17796.75977,17493.5,17495.83984,115780000,0,0
2015-12-18,17495.03906,17496.58008,17124.31055,17128.55078,344560000,0,0
2015-12-21,17154.93945,17272.35938,17116.73047,17251.61914,114910000,0,0
2015-12-22,17253.55078,17451.10938,17242.85938,17417.26953,91570000,0,0
2015-12-23,0,0,0,0,0,0,0
2015-12-24,17593.25977,17606.33984,17543.94922,17552.16992,40350000,0,0
2015-12-28,17535.66016,17536.90039,17437.33984,0,59770000,0,0
2015-12-29,17547.36914,17750.01953,17547.36914,17720.98047,69860000,0,0
2015-12-30,17711.93945,17714.13086,17588.86914,17603.86914,59760000,0,0
2015-12-31,17590.66016,17590.66016,17421.16016,17425.0293,93690000,0,0
2016-01-04,17405.48047,17405.48047,16957.63086,17148.93945,148060000,0,0
2016-01-05,17147.5,17195.83984,17038.60938,17158.66016,105750000,0,0
2016-01-06,17154.83008,17154.83008,16817.61914,16906.50977,120250000,0,0
2016-01-07,16888.35938,16888.35938,16463.63086,16514.09961,176240000,0,0
2016-01-08,16519.16992,16651.89063,16314.57031,16346.4502,141850000,0,0
2016-01-11,16358.70996,16461.84961,16232.03027,16398.57031,127790000,0,0
2016-01-12,16419.10938,16591.34961,16322.07031,16516.2207,117480000,0,0
2016-01-13,16526.63086,16593.50977,16123.2002,16151.41016,153530000,0,0
2016-01-14,16159.00977,16482.05078,16075.12012,16379.04981,158830000,0,0
2016-01-15,16354.33008,16354.33008,15842.11035,15988.08008,239210000,0,0
2016-01-19,16009.4502,16171.95996,15900.25,16016.01953,144360000,0,0
2016-01-20,15989.4502,15989.4502,15450.55957,15766.74023,191870000,0,0
2016-01-21,15768.87012,16038.58984,15704.66016,15882.67969,145140000,0,0
2016-01-22,15921.09961,16136.79004,15921.09961,16093.50977,145850000,0,0
2016-01-25,16086.45996,16086.45996,15880.15039,15885.21973,123250000,0,0
2016-01-26,15893.16016,16185.79004,15893.16016,16167.23047,118210000,0,0
2016-01-27,16168.74023,16235.03027,15878.29981,15944.45996,138350000,0,0
2016-01-28,15960.28027,16102.13965,15863.71973,16069.63965,130120000,0,0
2016-01-29,0,0,0,0,0,0,0
2016-02-01,16453.63086,16510.98047,16299.46973,16449.17969,114450000,0,0
2016-02-02,16420.21094,16420.21094,16108.44043,16153.54004,126210000,0,0
2016-02-03,16186.2002,16381.69043,15960.4502,16336.66016,141870000,0,0
2016-02-04,16329.66992,16485.83984,16266.16016,16416.58008,131490000,0,0
2016-02-05,16417.94922,16423.63086,16129.80957,16204.96973,139010000,0,0
2016-02-08,16147.50977,16147.50977,15803.54981,16027.04981,165880000,0,0
2016-02-09,16005.41016,16136.62012,15881.11035,16014.37988,127740000,0,0
2016-02-10,0,0,0,0,0,0,0
2016-02-11,15897.82031,15897.82031,15503.00977,15660.17969,172070000,0,0
2016-02-12,15691.62012,15974.04004,15691.62012,15973.83984,132550000,0,0
2016-02-16,16012.38965,16196.41016,16012.38965,16196.41016,142030000,0,0
2016-02-17,16217.98047,16486.11914,16217.98047,16453.83008,124080000,0,0
2016-02-18,16483.75977,16511.83984,0,16413.42969,104950000,0,0
2016-02-19,0,0,0,0,0,0,0
2016-02-22,16417.13086,16664.24023,16417.13086,16620.66016,102240000,0,0
2016-02-23,16610.39063,16610.39063,16403.5293,0,98170000,0,0
2016-02-24,16418.83984,16507.39063,16165.86035,16484.99023,93620000,0,0
2016-02-25,16504.38086,16697.98047,16458.41992,16697.28906,94120000,0,0
2016-02-26,16712.69922,16795.98047,16623.91016,16639.9707,98480000,0,0
2016-02-29,16634.15039,16726.11914,16510.40039,16516.5,126220000,0,0
2016-03-01,16545.66992,16865.56055,16545.66992,16865.08008,105050000,0,0
2016-03-02,16851.16992,16900.16992,16766.32031,16899.32031,104470000,0,0
2016-03-03,16896.16992,16944.31055,16820.73047,16943.90039,91110000,0,0
2016-03-04,16945,17062.38086,16898.83984,17006.76953,106910000,0,0
2016-03-07,16991.28906,17099.25,16940.48047,17073.94922,100290000,0,0
2016-03-08,17050.66992,17072.78906,16921.50977,16964.09961,108380000,0,0
2016-03-09,16969.16992,17048.5,16947.93945,0,116690000,0,0
2016-03-10,17006.05078,17130.10938,16821.85938,16995.13086,117570000,0,0
2016-03-11,17014.99023,17220.08984,17014.99023,17213.31055,123420000,0,0
2016-03-14,17207.49023,17275.07031,17161.16016,17229.13086,96350000,0,0
2016-03-15,17217.15039,17251.69922,17120.34961,17251.5293,92830000,0,0
2016-03-16,17249.33984,17379.17969,17204.07031,17325.75977,118710000,0,0
2016-03-17,17321.38086,17529.00977,17297.65039,17481.49023,117990000,0,0
2016-03-18,17481.49023,17620.58008,17481.49023,17602.30078,321230000,0,0
2016-03-21,17589.69922,17644.9707,17551.2793,17623.86914,84410000,0,0
2016-03-22,17602.71094,17648.93945,17540.41992,17582.57031,95450000,0,0
2016-03-23,17588.81055,17588.81055,17486.26953,17502.58984,84240000,0,0
2016-03-24,17485.33008,17517.14063,17399.00977,17515.73047,84100000,0,0
2016-03-28,0,0,0,0,0,0,0
2016-03-29,17512.58008,17642.81055,17434.26953,17633.10938,86160000,0,0
2016-03-30,17652.35938,17790.10938,17652.35938,17716.66016,79330000,0,0
2016-03-31,17716.05078,17755.69922,17669.7207,17685.08984,102600000,0,0
2016-04-01,17661.74023,17811.48047,17568.01953,17792.75,104890000,0,0
2016-04-04,17799.39063,17806.38086,17710.66992,17737,85230000,0,0
2016-04-05,17718.0293,17718.0293,17579.56055,17603.32031,115230000,0,0
2016-04-06,17605.44922,17723.55078,17542.53906,17716.05078,99410000,0,0
2016-04-07,17687.2793,17687.2793,17484.23047,17541.96094,90120000,0,0
2016-04-08,17555.39063,17694.50977,17528.16016,17576.96094,79990000,0,0
2016-04-11,17586.48047,17731.63086,17555.90039,17556.41016,107100000,0,0
2016-04-12,17571.33984,17744.42969,17553.57031,0,81020000,0,0
2016-04-13,17741.66016,17918.34961,17741.66016,17908.2793,91710000,0,0
2016-04-14,17912.25,17962.14063,17885.43945,17926.42969,84510000,0,0
2016-04-15,17925.94922,17937.65039,17867.41016,17897.46094,118160000,0,0
2016-04-18,17890.19922,18009.5293,17848.2207,18004.16016,89390000,0,0
2016-04-19,18012.09961,18103.46094,17984.42969,18053.59961,89820000,0,0
2016-04-20,18059.49023,18167.63086,18031.21094,18096.26953,100210000,0,0
2016-04-21,0,0,0,0,0,0,0
2016-04-22,17985.05078,18026.84961,17909.89063,0,134120000,0,0
2016-04-25,17990.93945,17990.93945,17855.55078,17977.24023,83770000,0,0
2016-04-26,17987.38086,18043.76953,17934.16992,17990.32031,92570000,0,0
2016-04-27,17996.14063,18084.66016,17920.25977,18041.55078,109090000,0,0
2016-04-28,18023.88086,18035.73047,17796.55078,17830.75977,100920000,0,0
2016-04-29,17813.08984,17814.83008,17651.98047,17773.64063,136670000,0,0
2016-05-02,17783.7793,17912.34961,17773.71094,17891.16016,80100000,0,0
2016-05-03,17870.75,17870.75,17670.88086,17750.91016,97060000,0,0
2016-05-04,17735.01953,17738.06055,17609.00977,17651.25977,95020000,0,0
2016-05-05,17664.48047,17736.10938,17615.82031,17660.71094,81530000,0,0
2016-05-06,17650.30078,17744.53906,17580.38086,17740.63086,80020000,0,0
2016-05-09,17743.84961,17783.16016,17668.38086,17705.91016,85590000,0,0
2016-05-10,17726.66016,17934.60938,17726.66016,17928.34961,75790000,0,0
2016-05-11,17919.0293,17919.0293,17711.05078,17711.11914,87390000,0,0
2016-05-12,17711.11914,17798.18945,17625.38086,17720.5,88560000,0,0
2016-05-13,0,0,0,0,0,0,0
2016-05-16,17531.75977,17755.80078,17531.75977,17710.71094,88440000,0,0
2016-05-17,0,0,0,0,0,0,0
2016-05-18,17501.2793,17636.2207,17418.21094,17526.61914,79120000,0,0
2016-05-19,17514.16016,17514.16016,17331.07031,17435.40039,95530000,0,0
2016-05-20,17437.32031,17571.75,17437.32031,17500.93945,111990000,0,0
2016-05-23,17507.03906,17550.69922,17480.05078,17492.92969,87790000,0,0
2016-05-24,17525.18945,17742.58984,17525.18945,17706.05078,86480000,0,0
2016-05-25,17735.08984,17891.71094,17735.08984,17851.50977,79180000,0,0
2016-05-26,17859.51953,17888.66016,17803.82031,17828.28906,68940000,0,0
2016-05-27,17826.84961,17873.2207,17824.73047,17873.2207,73190000,0,0
2016-05-31,17891.5,17899.24023,17724.0293,17787.19922,147390000,0,0
2016-06-01,17754.55078,17809.17969,17664.78906,17789.66992,78530000,0,0
2016-06-02,17789.05078,17838.56055,17703.55078,17838.56055,75560000,0,0
2016-06-03,17799.80078,17833.16992,17689.67969,17807.06055,82270000,0,0
2016-06-06,17825.68945,17949.67969,17822.81055,17920.33008,71870000,0,0
2016-06-07,17936.2207,18003.23047,17936.2207,17938.2793,78750000,0,0
2016-06-08,17931.91016,18016,17931.91016,18005.05078,71260000,0,0
2016-06-09,17969.98047,18005.2207,17915.88086,17985.18945,69690000,0,0
2016-06-10,0,0,0,0,0,0,0
2016-06-13,17830.5,17893.2793,17731.34961,17732.48047,101690000,0,0
2016-06-14,17710.76953,17733.91992,17595.78906,17674.82031,93740000,0,0
2016-06-15,17703.65039,17762.96094,17629.00977,17640.16992,94130000,0,0
2016-06-16,17602.23047,17754.91016,17471.28906,17733.09961,91950000,0,0
2016-06-17,17733.43945,17733.43945,17602.7793,0,248680000,0,0
2016-06-20,17736.86914,17946.35938,0,17804.86914,99380000,0,0
2016-06-21,0,0,0,0,0,0,0
2016-06-22,17832.66992,17920.16016,17770.35938,17780.83008,89440000,0,0
2016-06-23,17844.10938,18011.07031,17844.10938,18011.07031,98070000,0,0
2016-06-24,17946.63086,17946.63086,17356.33984,17400.75,239000000,0,0
2016-06-27,17355.21094,17355.21094,17063.08008,17140.24023,138740000,0,0
2016-06-28,0,0,0,0,0,0,0
2016-06-29,17456.01953,17704.50977,17456.01953,17694.67969,106380000,0,0
2016-06-30,17712.75977,17930.60938,17711.80078,17929.99023,133030000,0,0
2016-07-01,17924.24023,18002.38086,17916.91016,17949.36914,82160000,0,0
2016-07-05,17904.44922,17904.44922,17785.2793,17840.61914,103650000,0,0
2016-07-06,0,0,0,0,0,0,0
2016-07-07,17924.24023,17984.94922,17816.65039,17895.88086,81570000,0,0
2016-07-08,17971.2207,18166.76953,17971.2207,18146.74023,93460000,0,0
2016-07-11,18161.5293,18283.90039,18161.5293,18226.92969,80880000,0,0
2016-07-12,18259.11914,18371.94922,18259.11914,18347.66992,90170000,0,0
2016-07-13,0,0,0,0,0,0,0
2016-07-14,18414.30078,18537.57031,0,18506.41016,87050000,0,0
2016-07-15,18508.88086,18557.42969,18471.61914,18516.55078,123690000,0,0
2016-07-18,18521.55078,18556.13086,18489.83984,18533.05078,75540000,0,0
2016-07-19,18503.11914,18562.5293,18495.10938,18559.00977,85840000,0,0
2016-07-20,18582.69922,18622.00977,18555.65039,18595.0293,93230000,0,0
2016-07-21,18589.96094,18590.43945,18469.66992,18517.23047,86800000,0,0
2016-07-22,18524.15039,18571.30078,18491.58984,18570.84961,87710000,0,0
2016-07-25,18554.49023,18555.68945,18452.61914,18493.06055,76810000,0,0
2016-07-26,18497.36914,18522.4707,18387.2207,18473.75,85370000,0,0
2016-07-27,18473.26953,18542.39063,18430.93945,18472.16992,111370000,0,0
2016-07-28,18461.00977,18483.25977,18368.82031,18456.34961,85750000,0,0
2016-07-29,18442.51953,18466.55078,18371.11914,0,111550000,0,0
2016-08-01,18434.5,18467.0293,18355.75,18404.50977,83470000,0,0
2016-08-02,18401.15039,18403.65039,18247.78906,18313.76953,89680000,0,0
2016-08-03,18313.08008,18355,18283.23047,18355,78550000,0,0
2016-08-04,18351.42969,18397.86914,18325.16992,18352.05078,64500000,0,0
2016-08-05,18402.80078,18543.5293,18402.80078,18543.5293,92420000,0,0
2016-08-08,18541.89063,18569.31055,18502.0293,18529.28906,71810000,0,0
2016-08-09,18538.05078,18585.32031,18507.75,18533.05078,60090000,0,0
2016-08-10,18541.48047,18561.75,18468.7793,18495.66016,62780000,0,0
2016-08-11,18519.08008,18638.33984,18519.08008,18613.51953,71470000,0,0
2016-08-12,18595.65039,18606.06055,18535.85938,18576.4707,61580000,0,0
2016-08-15,18588.58984,18722.60938,18559.92969,18636.05078,62350000,0,0
2016-08-16,18614.48047,18614.85938,18550.65039,18552.01953,67570000,0,0
2016-08-17,18537.08984,18582.34961,18468.67969,18573.93945,71000000,0,0
2016-08-18,18566.53906,18600.82031,18533.28906,18597.69922,70740000,0,0
2016-08-19,18585.16992,18585.16992,18491.24023,18552.57031,93170000,0,0
2016-08-22,18535.85938,18570.91992,18466.85938,18529.41992,73450000,0,0
2016-08-23,18568.93945,18631.59961,18545.51953,18547.30078,73990000,0,0
2016-08-24,18537.5,18539.15039,18448.26953,18481.48047,72270000,0,0
2016-08-25,18471.21094,18497.67969,18431.46094,18448.41016,64480000,0,0
2016-08-26,18467.91992,18572.08984,18335.33984,18395.40039,78730000,0,0
2016-08-29,18421.28906,18523.08984,18419.91992,18502.99023,64480000,0,0
2016-08-30,18491.2793,18514.28906,18408.51953,18454.30078,68920000,0,0
2016-08-31,18436.69922,18439.67969,18333.56055,18400.88086,98250000,0,0
2016-09-01,18396.57031,18430.05078,18295.48047,18419.30078,74780000,0,0
2016-09-02,18466.00977,18544.75977,18439.09961,18491.96094,74350000,0,0
2016-09-06,18493.40039,18551.53906,18450.32031,18538.11914,83710000,0,0
2016-09-07,18527.71094,18536.89063,18474.76953,18526.14063,67570000,0,0
2016-09-08,18486.68945,18506.24023,18446.68945,18479.91016,79060000,0,0
2016-09-09,18404.16992,18404.16992,18085.44922,18085.44922,120670000,0,0
2016-09-12,18028.94922,18358.68945,17994.83984,18325.07031,103260000,0,0
2016-09-13,18262.99023,18262.99023,18028.06055,18066.75,102830000,0,0
2016-09-14,18073.39063,18163.48047,17992.21094,18034.76953,103360000,0,0
2016-09-15,18024.91016,18250.10938,0,18212.48047,99550000,0,0
2016-09-16,18217.21094,18217.21094,18070.21094,18123.80078,278510000,0,0
2016-09-19,18154.82031,18254.88086,18093.05078,18120.16992,78090000,0,0
2016-09-20,18175.35938,18227.21094,18128.80078,18129.96094,72450000,0,0
2016-09-21,18164.96094,18307.42969,18121.57031,18293.69922,94090000,0,0
2016-09-22,18343.75977,18449.88086,18343.75977,18392.46094,73030000,0,0
2016-09-23,18377.35938,18383.75977,18254.83984,18261.44922,87170000,0,0
2016-09-26,18217.75977,18217.75977,18083.32031,18094.83008,95510000,0,0
2016-09-27,18099.21094,18238.09961,18052.16016,18228.30078,84130000,0,0
2016-09-28,18240.2207,18349.85938,18179.33984,0,97650000,0,0
2016-09-29,18322.88086,18366.23047,18091.64063,18143.44922,95880000,0,0
2016-09-30,18181.80078,18369.61914,18181.80078,18308.15039,135470000,0,0
2016-10-03,18279.59961,18279.80078,18203.75,18253.84961,68520000,0,0
2016-10-04,18267.67969,18313.76953,0,18168.44922,79710000,0,0
2016-10-05,18205.5,18315.82031,18205.5,18281.0293,76190000,0,0
2016-10-06,18280.41992,18288.11914,18162.9707,18268.5,78660000,0,0
2016-10-07,18295.34961,18319.73047,18149.34961,18240.49023,82680000,0,0
2016-10-10,18282.94922,18399.96094,18282.94922,18329.03906,72110000,0,0
2016-10-11,18308.42969,18312.33008,18061.96094,18128.66016,88610000,0,0
2016-10-12,18132.63086,18193.96094,18082.08984,18144.19922,72230000,0,0
2016-10-13,18088.32031,18137.69922,17959.94922,18098.93945,83160000,0,0
2016-10-14,18177.34961,18261.10938,18138.38086,18138.38086,87050000,0,0
2016-10-17,18135.84961,18162.2793,18063.01953,18086.40039,75960000,0,0
2016-10-18,18145.06055,18225.80078,18129.44922,18161.93945,74600000,0,0
2016-10-19,18178.21094,18252.19922,18169.25,18202.61914,88040000,0,0
2016-10-20,18161.86914,18249.05078,18129.07031,18162.34961,88830000,0,0
2016-10-21,18152.63086,18168.75977,18049.76953,18145.71094,117810000,0,0
2016-10-24,18197.14063,18275.03906,18191.17969,18223.0293,88540000,0,0
2016-10-25,18206.51953,18241.68945,18151.69922,18169.26953,83190000,0,0
2016-10-26,18103.80078,18236.03906,18062.30078,18199.33008,86340000,0,0
2016-10-27,18234.81055,18253.19922,18149.19922,18169.67969,83530000,0,0
2016-10-28,18193.78906,18257.06055,18094.9707,0,107850000,0,0
2016-10-31,18176.59961,18193.67969,18130.58008,18142.41992,110080000,0,0
2016-11-01,18158.24023,18177.00977,0,18037.09961,101280000,0,0
2016-11-02,0,0,0,0,0,0,0
2016-11-03,17978.75,18006.96094,17904.07031,17930.66992,77860000,0,0
2016-11-04,17928.34961,17986.75977,17883.56055,17888.2793,97760000,0,0
2016-11-07,17994.64063,18263.30078,17994.64063,18259.59961,93450000,0,0
2016-11-08,18251.38086,18400.5,18200.75,18332.74023,79820000,0,0
2016-11-09,18317.25977,18650.06055,18252.55078,18589.68945,173110000,0,0
2016-11-10,18603.14063,18873.66016,18603.14063,0,164390000,0,0
2016-11-11,18781.65039,18855.7793,18736.96094,18847.66016,107300000,0,0
2016-11-14,18876.76953,18934.05078,18815.75,18868.68945,112250000,0,0
2016-11-15,18858.21094,18925.25977,0,18923.06055,100660000,0,0
2016-11-16,18909.84961,18909.84961,18825.89063,18868.14063,87320000,0,0
2016-11-17,18866.2207,18904.0293,18845.26953,18903.82031,89940000,0,0
2016-11-18,18905.33008,18915.74023,0,18867.92969,109880000,0,0
2016-11-21,18898.67969,18960.75977,18883.09961,18956.68945,80520000,0,0
2016-11-22,18970.39063,19043.90039,18962.82031,19023.86914,85310000,0,0
2016-11-23,19015.51953,19083.75977,19000.38086,19083.17969,77880000,0,0
2016-11-25,19093.7207,19152.14063,19093.7207,19152.14063,45890000,0,0
2016-11-28,19122.14063,19138.7207,19072.25,19097.90039,88460000,0,0
2016-11-29,19064.07031,19144.40039,19062.2207,19121.59961,81510000,0,0
2016-11-30,19135.64063,19225.28906,19123.38086,19123.58008,164570000,0,0
2016-12-01,19149.19922,19214.30078,19138.78906,19191.92969,108800000,0,0
2016-12-02,19161.25,19196.14063,19141.17969,19170.41992,84920000,0,0
2016-12-05,19244.34961,19274.84961,19186.73047,19216.24023,317800000,0,0
2016-12-06,19219.91016,19255.89063,19184.74023,19251.7793,284960000,0,0
2016-12-07,19241.99023,19558.41992,19229.83008,19549.61914,385200000,0,0
2016-12-08,19559.93945,19664.9707,19527.83008,19614.81055,324570000,0,0
2016-12-09,19631.34961,19757.74023,0,19756.84961,334470000,0,0
2016-12-12,19770.19922,19824.58984,19747.74023,19796.42969,333660000,0,0
2016-12-13,19852.21094,19953.75,19846.44922,19911.21094,388420000,0,0
2016-12-14,19876.13086,19966.42969,19748.66992,19792.5293,408430000,0,0
2016-12-15,19811.5,19951.28906,19811.5,19852.24023,357350000,0,0
2016-12-16,19909.00977,19923.16992,19821,19843.41016,573470000,0,0
2016-12-19,19836.66016,19917.7793,19832.94922,19883.06055,302310000,0,0
2016-12-20,19920.58984,19987.63086,19920.41992,19974.61914,284080000,0,0
2016-12-21,0,0,0,0,0,0,0
2016-12-22,19922.67969,19933.83008,19882.18945,19918.88086,258290000,0,0
2016-12-23,19908.60938,19934.15039,19899.06055,19933.81055,158260000,0,0
2016-12-27,19943.46094,19980.24023,19939.80078,19945.03906,158540000,0,0
2016-12-28,19964.31055,19981.10938,19827.31055,19833.67969,188350000,0,0
2016-12-29,19835.46094,19878.43945,19788.93945,19819.7793,172040000,0,0
2016-12-30,19833.16992,19852.55078,19718.66992,19762.59961,271910000,0,0
2017-01-03,19872.85938,19938.5293,0,19881.75977,339180000,0,0
2017-01-04,0,0,0,0,0,0,0
2017-01-05,19924.56055,19948.59961,19811.11914,0,269920000,0,0
2017-01-06,19906.96094,19999.63086,19834.08008,19963.80078,277700000,0,0
2017-01-09,19931.41016,19943.7793,19887.38086,19887.38086,287510000,0,0
2017-01-10,19876.34961,19957.11914,19836.0293,19855.5293,299410000,0,0
2017-01-11,19887.38086,19973.41992,19833.16016,19954.2793,336150000,0,0
2017-01-12,19926.21094,19929.28906,19770.4707,19891,306290000,0,0
2017-01-13,19912.53906,19952.0293,19849.38086,19885.73047,263780000,0,0
2017-01-17,19848.82031,19882.99023,19775.34961,19826.76953,341900000,0,0
2017-01-18,19822.73047,19828.19922,19739,19804.7207,279760000,0,0
2017-01-19,19813.55078,19824.14063,19677.93945,19732.40039,301750000,0,0
2017-01-20,19795.06055,19843.93945,19759.14063,19827.25,435260000,0,0
2017-01-23,19794.78906,19833.98047,19732.35938,19799.84961,326690000,0,0
2017-01-24,19794.67969,19949.24023,19786.71094,19912.71094,374460000,0,0
2017-01-25,19994.48047,20082,19994.48047,20068.50977,372240000,0,0
2017-01-26,20076.25,20125.58008,20067.5293,20100.91016,356730000,0,0
2017-01-27,20103.35938,20115.9707,20072.64063,20093.7793,343130000,0,0
2017-01-30,0,0,0,0,0,0,0
2017-01-31,19913.16016,19918.16992,19784.76953,19864.08984,373750000,0,0
2017-02-01,19923.81055,19967.73047,19845.99023,19890.93945,426670000,0,0
2017-02-02,19858.33984,19922.75,19831.08984,19884.91016,347220000,0,0
2017-02-03,19964.21094,20081.48047,19964.21094,20071.46094,344220000,0,0
2017-02-06,20025.60938,20094.94922,20002.81055,20052.41992,281720000,0,0
2017-02-07,20107.61914,20155.34961,20068.67969,20090.28906,279670000,0,0
2017-02-08,20049.28906,20068.2793,20015.33008,20054.33984,280410000,0,0
2017-02-09,20061.73047,20206.35938,20061.73047,20172.40039,325310000,0,0
2017-02-10,20211.23047,20298.21094,20204.75977,20269.36914,312230000,0,0
2017-02-13,20338.53906,20441.48047,20322.94922,20412.16016,314620000,0,0
2017-02-14,20374.2207,20504.41016,20374.01953,0,356580000,0,0
2017-02-15,20504.26953,20620.44922,20496.0293,20611.85938,384380000,0,0
2017-02-16,20627.31055,20639.86914,20556.83008,20619.76953,354120000,0,0
2017-02-17,20564.13086,20624.05078,20532.60938,20624.05078,340620000,0,0
2017-02-21,20663.42969,20757.64063,20663.36914,20743,336880000,0,0
2017-02-22,20715.41016,20781.58984,20692.39063,20775.59961,310530000,0,0
2017-02-23,20817.21094,20840.69922,20746.41016,20810.32031,302110000,0,0
2017-02-24,20751.91016,20821.75977,20733.94922,20821.75977,292540000,0,0
2017-02-27,20808.71094,20851.33008,20774.75977,20837.43945,256540000,0,0
2017-02-28,20833.88086,20841.24023,20781.21094,20812.24023,339210000,0,0
2017-03-01,20957.28906,21169.10938,20957.28906,21115.55078,392820000,0,0
2017-03-02,21128.91016,21129.19922,20996.60938,21002.9707,319910000,0,0
2017-03-03,21008.75,21039.96094,20953.85938,21005.71094,254420000,0,0
2017-03-06,20955.71094,20986.42969,20912.10938,20954.33984,266620000,0,0
2017-03-07,20934.89063,20970.53906,20901.25977,20924.75977,274630000,0,0
2017-03-08,20940.43945,20951.43945,20835.58008,20855.73047,296780000,0,0
2017-03-09,20864.32031,20900.57031,20777.16016,20858.18945,275960000,0,0
2017-03-10,20919.00977,20940.28906,20827.66016,0,315430000,0,0
2017-03-13,20899.2793,20926.06055,20845.71094,20881.48047,289260000,0,0
2017-03-14,0,0,0,0,0,0,0
2017-03-15,20874.7793,20977.4707,20859.59961,20950.09961,306590000,0,0
2017-03-16,20969.26953,21000.10938,20893.5,20934.55078,264360000,0,0
2017-03-17,20965.36914,20980.50977,20911.07031,20914.61914,535280000,0,0
2017-03-20,20916.26953,20955.44922,20885.69922,20905.85938,253610000,0,0
2017-03-21,20956.33008,20970.03906,20653.25977,20668.00977,369320000,0,0
2017-03-22,20640.41992,20686.21094,20578.94922,20661.30078,325090000,0,0
2017-03-23,20645.07031,20757.89063,20618.61914,20656.58008,280050000,0,0
2017-03-24,20674.44922,20718.33008,20529.66992,20596.7207,292980000,0,0
2017-03-27,0,0,0,0,0,0,0
2017-03-28,20542.14063,20735.60938,20520.09961,0,299670000,0,0
2017-03-29,20675.75,20684.73047,20625.0293,20659.32031,238320000,0,0
2017-03-30,20662.78906,20753.7793,20643.59961,20728.49023,270900000,0,0
2017-03-31,20700.33984,20722.58984,20660.67969,20663.2207,303770000,0,0
2017-04-03,20665.16992,20692.33984,20517.82031,20650.21094,285670000,0,0
2017-04-04,20634.93945,20701.28906,20605.30078,20689.24023,237390000,0,0
2017-04-05,20745.06055,20887.5,20639.55078,20648.15039,284980000,0,0
2017-04-06,20653.76953,20746.46094,20612.16992,20662.94922,251720000,0,0
2017-04-07,20647.81055,20726.07031,20606.94922,20656.09961,219730000,0,0
2017-04-10,20668.2207,20750.33008,20614.85938,20658.01953,230480000,0,0
2017-04-11,20644.32031,20660.0293,20512.56055,20651.30078,255120000,0,0
2017-04-12,20637.94922,20642.53906,0,20591.85938,267670000,0,0
2017-04-13,20561.68945,20612.26953,20453.25,20453.25,235810000,0,0
2017-04-17,20484.75,20644.41016,20484.75,20636.91992,229240000,0,0
2017-04-18,20561.39063,20600.11914,20462.2793,20523.2793,263180000,0,0
2017-04-19,20503.51953,20546.68945,20379.55078,20404.49023,294790000,0,0
2017-04-20,20406.67969,20629.7793,20406.67969,20578.71094,312440000,0,0
2017-04-21,20578.09961,20601.40039,20505.33008,20547.75977,369600000,0,0
2017-04-24,20723.58984,20792.19922,20723.58984,20763.89063,342400000,0,0
2017-04-25,20915.50977,21026.9707,20909.38086,20996.11914,348180000,0,0
2017-04-26,21009.94922,21070.90039,20972.26953,20975.08984,328550000,0,0
2017-04-27,20991.11914,21005.80078,20935.80078,20981.33008,305690000,0,0
2017-04-28,20987.39063,20987.75977,20926.75,20940.50977,329990000,0,0
2017-05-01,20962.73047,20976.61914,20898.38086,20913.46094,288160000,0,0
2017-05-02,20941.18945,20960.91992,20904.06055,20949.89063,338810000,0,0
2017-05-03,20915,20972.74023,20874.17969,20957.90039,310920000,0,0
2017-05-04,20987.83008,20990.78906,20847.94922,20951.4707,274720000,0,0
2017-05-05,20929.03906,21006.93945,20905,21006.93945,260960000,0,0
2017-05-08,20991.25977,21017.89063,0,21012.2793,276150000,0,0
2017-05-09,21022.2793,21046.84961,20938.03906,20975.7793,273000000,0,0
2017-05-10,20958.49023,20976.2793,20884.15039,20943.10938,283340000,0,0
2017-05-11,20925.7207,20933.35938,20798.90039,20919.41992,287680000,0,0
2017-05-12,20893.18945,20916.09961,20869.74023,20896.60938,288500000,0,0
2017-05-15,20923.63086,21000.83008,20923.63086,20981.93945,313170000,0,0
2017-05-16,20984.48047,21033.5293,20932.88086,20979.75,311580000,0,0
2017-05-17,0,0,0,0,0,0,0
2017-05-18,20579.65039,20759.19922,20553.44922,20663.01953,422590000,0,0
2017-05-19,20698.2793,20857.13086,20687.93945,20804.83984,365180000,0,0
2017-05-22,20867.76953,20914.25977,20860.16016,20894.83008,276120000,0,0
2017-05-23,20908.66992,20961.14063,20896.2207,20937.91016,244950000,0,0
2017-05-24,20949.21094,21022.82031,20933.58008,21012.41992,283180000,0,0
2017-05-25,21062.96094,21112.32031,21051.41016,21082.94922,268970000,0,0
2017-05-26,21070.15039,21092.82031,21050.49023,21080.2793,208000000,0,0
2017-05-30,21045.49023,21063.61914,21009.59961,21029.4707,242810000,0,0
2017-05-31,21048.46094,21051.69922,20942.57031,21008.65039,371580000,0,0
2017-06-01,21030.55078,21144.17969,20994.2207,21144.17969,276730000,0,0
2017-06-02,21142.08984,21225.03906,21129.56055,21206.28906,329700000,0,0
2017-06-05,21195.0293,21224.41016,21168.68945,21184.03906,269790000,0,0
2017-06-06,21145.48047,21180.4707,21118.46094,21136.23047,283550000,0,0
2017-06-07,21171.57031,21189.83984,21113.31055,0,273400000,0,0
2017-06-08,21169.75977,21265.68945,21138.16016,0,330330000,0,0
2017-06-09,21208.96094,21305.34961,0,21271.9707,397200000,0,0
2017-06-12,21259.94922,21277.08008,21186.15039,21235.66992,528080000,0,0
2017-06-13,21256.83008,21332.76953,21256.83008,21328.4707,323510000,0,0
2017-06-14,21342.71094,21391.9707,21294.08984,21374.56055,295090000,0,0
2017-06-15,21291.68945,21367.2793,21261.86914,21359.90039,317200000,0,0
2017-06-16,21335.92969,21384.41992,21308.00977,21384.2793,603260000,0,0
2017-06-19,21444.75,21528.99023,21436.08008,21528.99023,289400000,0,0
2017-06-20,21521.25,21535.0293,21464.24023,21467.14063,310200000,0,0
2017-06-21,21466.39063,21492.61914,21390,21410.0293,292500000,0,0
2017-06-22,21407.98047,21456.4707,21394.81055,21397.28906,270680000,0,0
2017-06-23,21380.91992,21421.78906,21333.89063,21394.75977,368400000,0,0
2017-06-26,21434.67969,21506.21094,21381.25,21409.55078,241880000,0,0
2017-06-27,21411.18945,21440.59961,21310.66016,21310.66016,292170000,0,0
2017-06-28,21372.35938,21478.75,21372.35938,21454.60938,271510000,0,0
2017-06-29,21487.38086,21487.38086,21197.08008,21287.0293,336750000,0,0
2017-06-30,21348.59961,21426.11914,21325.08008,21349.63086,313260000,0,0
2017-07-03,21392.30078,21562.75,21391.71094,21479.26953,186810000,0,0
2017-07-05,21492.83008,21505.35938,21404.75977,21478.16992,273690000,0,0
2017-07-06,21423.92969,21433.09961,21305.38086,21320.03906,320450000,0,0
2017-07-07,21354.66016,21425.82031,21350.7207,21414.33984,242240000,0,0
2017-07-10,21381.23047,21446.39063,21371.10938,21408.51953,270340000,0,0
2017-07-11,21410.16992,21441.61914,21279.30078,21409.07031,247570000,0,0
2017-07-12,21467.92969,21580.78906,21467.92969,21532.14063,267870000,0,0
2017-07-13,21537.18945,21568.7207,0,21553.08984,232270000,0,0
2017-07-14,21532.76953,21681.5293,21521.7207,21637.74023,235590000,0,0
2017-07-17,21633.9707,21661.81055,21617.66016,21629.7207,244780000,0,0
2017-07-18,21589.93945,21589.93945,21471.14063,21574.73047,251110000,0,0
2017-07-19,21569.25,21640.75,21565.83984,21640.75,253040000,0,0
2017-07-20,21641.53906,21661.91016,21576.96094,0,313950000,0,0
2017-07-21,21591.7207,21592.60938,21503.7793,21580.07031,362830000,0,0
2017-07-24,21577.7793,21577.7793,21496.13086,21513.16992,284080000,0,0
2017-07-25,21638.56055,21670.61914,21577.36914,21613.42969,304300000,0,0
2017-07-26,21690.38086,21742.69922,21683.28906,21711.00977,278240000,0,0
2017-07-27,21717.41992,21798.4707,21687.84961,21796.55078,407320000,0,0
2017-07-28,21787.50977,21841.17969,21756.11914,21830.31055,285630000,0,0
2017-07-31,21863.39063,21929.80078,21861.71094,0,307610000,0,0
2017-08-01,21961.41992,21990.96094,21940.81055,21963.91992,328410000,0,0
2017-08-02,22004.35938,22036.09961,21967.46094,22016.24023,336820000,0,0
2017-08-03,22007.58008,22044.84961,21991.32031,22026.09961,278730000,0,0
2017-08-04,22058.39063,22092.81055,22024.64063,22092.81055,253640000,0,0
2017-08-07,22100.19922,22121.15039,22081.9707,22118.41992,213010000,0,0
2017-08-08,22095.14063,22179.10938,22057.28906,22085.33984,262000000,0,0
2017-08-09,22022.33984,22057.18945,21996.68945,0,277800000,0,0
2017-08-10,21988.19922,21988.19922,21843.93945,21844.00977,303310000,0,0
2017-08-11,21883.32031,21911.08984,21842.74023,21858.32031,237790000,0,0
2017-08-14,21945.64063,22019.23047,21945.64063,21993.71094,235030000,0,0
2017-08-15,22029.91016,22038.91992,21971.48047,21998.99023,269070000,0,0
2017-08-16,22031.92969,22085.71094,22002.4707,22024.86914,264920000,0,0
2017-08-17,21984.74023,21984.74023,21750.32031,21750.73047,311030000,0,0
2017-08-18,21724.88086,21793.34961,21641.63086,21674.50977,309070000,0,0
2017-08-21,21671.35938,21718.74023,21600.33984,21703.75,277880000,0,0
2017-08-22,21739.7793,21912.83008,21738.13086,21899.89063,244980000,0,0
2017-08-23,21850.26953,21866.66016,21808.39063,21812.08984,234810000,0,0
2017-08-24,21839.90039,21870.10938,21765.82031,21783.40039,228480000,0,0
2017-08-25,21819.08008,21906.85938,21812.81055,21813.66992,217570000,0,0
2017-08-28,0,0,0,0,0,0,0
2017-08-29,21718,21879.2207,21673.58008,21865.36914,227340000,0,0
2017-08-30,21859.75977,21914.25977,21839.4707,21892.42969,242840000,0,0
2017-08-31,21936.00977,21985.75977,21910.5,21948.09961,376790000,0,0
2017-09-01,21981.76953,22038.9707,21974.91016,21987.56055,256240000,0,0
2017-09-05,21912.36914,21921.08984,21709.63086,21753.31055,332840000,0,0
2017-09-06,21815.75977,21849.24023,21794.07031,21807.64063,318760000,0,0
2017-09-07,21820.38086,21850.00977,21745.71094,21784.7793,333810000,0,0
2017-09-08,21764.42969,21846.63086,21731.11914,21797.78906,289400000,0,0
2017-09-11,21927.78906,22067.09961,21927.78906,22057.36914,312770000,0,0
2017-09-12,22090.56055,22134.57031,22087.08984,22118.85938,364580000,0,0
2017-09-13,22103.4707,22158.17969,22095.78906,22158.17969,291890000,0,0
2017-09-14,22144.96094,22216.43945,22135.25977,22203.48047,297780000,0,0
2017-09-15,22252.43945,22275.01953,0,22268.33984,527540000,0,0
2017-09-18,22297.91992,22355.61914,22283.34961,22331.34961,302740000,0,0
2017-09-19,22349.69922,22386.00977,22340.71094,22370.80078,295570000,0,0
2017-09-20,22351.38086,22413.25977,22314.67969,22412.58984,334560000,0,0
2017-09-21,22414.01953,22419.50977,22356.55078,22359.23047,287390000,0,0
2017-09-22,22334.07031,22364.31055,22299.58008,22349.58984,297140000,0,0
2017-09-25,22320.4707,22359.88086,22219.10938,22296.08984,332430000,0,0
2017-09-26,22322.0293,22369.34961,22279.51953,22284.32031,285990000,0,0
2017-09-27,22330.92969,22371.09961,22254.92969,22340.71094,342900000,0,0
2017-09-28,22306.83008,22394.74023,22288.9707,22381.19922,263010000,0,0
2017-09-29,22358.4707,22405.63086,22332.96094,22405.08984,274790000,0,0
2017-10-02,22423.4707,22559.38086,22416,22557.59961,268530000,0,0
2017-10-03,22564.44922,22646.32031,22562.90039,22641.66992,238830000,0,0
2017-10-04,22645.66992,22685.93945,22632.80078,22661.64063,235730000,0,0
2017-10-05,22669.08008,22777.03906,22655.14063,22775.39063,246400000,0,0
2017-10-06,22762.0293,22773.66992,22730.84961,22773.66992,221450000,0,0
2017-10-09,22779.73047,22803.36914,22739.38086,22761.07031,310770000,0,0
2017-10-10,22784.75977,22850.50977,22770.99023,22830.67969,319270000,0,0
2017-10-11,22827.65039,22872.89063,0,22872.89063,316000000,0,0
2017-10-12,22854.84961,22884.82031,0,22841.00977,291790000,0,0
2017-10-13,22876.42969,22905.33008,22855.92969,22871.7207,259560000,0,0
2017-10-16,0,0,0,0,0,0,0
2017-10-17,22952.41016,23002.19922,22948.23047,22997.43945,273090000,0,0
2017-10-18,23087.13086,23172.92969,23086.75,23157.59961,271870000,0,0
2017-10-19,23107.4707,23167.24023,23052.66992,23163.03906,350400000,0,0
2017-10-20,23205.17969,23328.83984,23201.7793,23328.63086,474380000,0,0
2017-10-23,23348.94922,23368.36914,23273.96094,23273.96094,456830000,0,0
2017-10-24,23346.7793,23485.25,23343.23047,23441.75977,406850000,0,0
2017-10-25,23431.08984,23451.50977,23251.10938,23329.46094,399560000,0,0
2017-10-26,23380.89063,23459.83984,23380.89063,23400.85938,370600000,0,0
2017-10-27,23419.16016,23449.40039,23353.16016,23434.18945,518870000,0,0
2017-10-30,23405.75,23428.75,23327.86914,23348.74023,436900000,0,0
2017-10-31,23369.2207,23406.34961,23334.39063,23377.24023,388050000,0,0
2017-11-01,23442.90039,23517.71094,23388.91016,23435.00977,361260000,0,0
2017-11-02,23463.24023,23531.38086,23350.98047,23516.25977,348040000,0,0
2017-11-03,23549.58984,23557.06055,23481.57031,23539.18945,312250000,0,0
2017-11-06,23533.96094,23574.85938,23520.75,23548.41992,325190000,0,0
2017-11-07,23574.0293,23602.11914,23484.18945,23557.23047,285080000,0,0
2017-11-08,23542.59961,23575,23510.56055,23563.35938,264670000,0,0
2017-11-09,23492.08984,23516.74023,23310.01953,23461.93945,305440000,0,0
2017-11-10,23432.71094,23452.19922,23392.96094,23422.21094,351280000,0,0
2017-11-13,23367.4707,23461.67969,23343.33984,23439.69922,491260000,0,0
2017-11-14,23388.40039,23414.08008,23271.57031,23409.4707,561330000,0,0
2017-11-15,23334.58984,23344.99023,23242.75,23271.2793,404300000,0,0
2017-11-16,23365.33984,23492.18945,23365.33984,23458.35938,402020000,0,0
2017-11-17,23433.76953,23433.76953,23356.00977,23358.24023,386000000,0,0
2017-11-20,23370.71094,23456.88086,23360.58008,23430.33008,315330000,0,0
2017-11-21,23500.15039,23617.80078,23500.15039,23590.83008,329650000,0,0
2017-11-22,23597.24023,23605.76953,23507.60938,23526.17969,268760000,0,0
2017-11-24,23552.75,23599.17969,23551.58984,23557.99023,118610000,0,0
2017-11-27,23552.85938,23638.91992,23545.01953,23580.7793,296320000,0,0
2017-11-28,23625.18945,23849.60938,23617.10938,23836.71094,319240000,0,0
2017-11-29,23883.25977,23959.75977,23872.58984,23940.67969,401410000,0,0
2017-11-30,24013.80078,24327.82031,24013.80078,24272.34961,488200000,0,0
2017-12-01,24305.40039,24322.06055,23921.90039,24231.58984,417910000,0,0
2017-12-04,24424.10938,24534.03906,24288.18945,24290.05078,424250000,0,0
2017-12-05,24335.00977,24349.74023,24155.2793,24180.64063,371190000,0,0
2017-12-06,24171.90039,24229.34961,24134.49023,24140.91016,312720000,0,0
2017-12-07,24116.59961,24262.88086,24101.24023,0,319060000,0,0
2017-12-08,24263.25977,24330.11914,24225.5,24329.16016,293590000,0,0
2017-12-11,24338.10938,24389.7207,24314.74023,24386.0293,300580000,0,0
2017-12-12,24452.96094,24552.9707,24443.83008,24504.80078,342220000,0,0
2017-12-13,24525.18945,24666.01953,24518.30078,24585.42969,325280000,0,0
2017-12-14,24631.00977,24672.48047,24508.66016,24508.66016,314780000,0,0
2017-12-15,24585.71094,24688.61914,24584.43945,24651.74023,635740000,0,0
2017-12-18,24739.56055,24876.07031,24739.56055,24792.19922,354880000,0,0
2017-12-19,0,0,0,0,0,0,0
2017-12-20,24838.08984,24852.43945,24697.10938,24726.65039,341790000,0,0
2017-12-21,24778.25977,24850.91016,24766.26953,24782.28906,339530000,0,0
2017-12-22,24764.03906,24784.15039,24717.50977,24754.06055,255140000,0,0
2017-12-26,24715.83984,24778.13086,0,24746.21094,208290000,0,0
2017-12-27,24766.51953,24789.51953,24731.67969,24774.30078,225890000,0,0
2017-12-28,24807.21094,24839.23047,24797.13086,24837.50977,200960000,0,0
2017-12-29,24849.63086,24871.66016,24719.2207,24719.2207,270760000,0,0
2018-01-02,0,0,0,0,0,0,0
2018-01-03,24850.44922,24941.91992,24825.55078,24922.67969,456790000,0,0
2018-01-04,24964.85938,25105.96094,24963.26953,25075.13086,403280000,0,0
2018-01-05,0,0,0,0,0,0,0
2018-01-08,25308.40039,25311.99023,25235.41016,25283,341390000,0,0
2018-01-09,25312.05078,25439.7793,25308.41016,25385.80078,333490000,0,0
2018-01-10,25348.13086,25404.91992,0,25369.13086,341470000,0,0
2018-01-11,25398.59961,25575.41992,25396.18945,25574.73047,346830000,0,0
2018-01-12,25638.39063,25810.42969,25633.08008,25803.18945,376390000,0,0
2018-01-16,25987.61914,26086.11914,25702.99023,25792.85938,606520000,0,0
2018-01-17,25910.7793,26130.44922,25865.01953,26115.65039,522720000,0,0
2018-01-18,26149.55078,26153.41992,25947.32031,26017.81055,492780000,0,0
2018-01-19,25987.34961,26071.7207,25942.83008,26071.7207,585000000,0,0
2018-01-22,26025.32031,26215.23047,25974.65039,0,431200000,0,0
2018-01-23,26214.86914,26246.18945,26143.90039,26210.81055,433490000,0,0
2018-01-24,26282.07031,26392.80078,26106.93945,26252.11914,518790000,0,0
2018-01-25,26313.06055,26458.25,26259.7207,26392.78906,401390000,0,0
2018-01-26,26466.74023,26616.71094,26425.34961,26616.71094,477780000,0,0
2018-01-29,26584.2793,26608.90039,26435.33984,26439.48047,421000000,0,0
2018-01-30,26198.44922,26256.99023,26028.41992,26076.89063,448330000,0,0
2018-01-31,26268.16992,26338.0293,26050.98047,26149.39063,479130000,0,0
2018-02-01,26083.03906,26306.69922,26014.43945,26186.71094,410620000,0,0
2018-02-02,26061.78906,26061.78906,25490.66016,25520.96094,522880000,0,0
2018-02-05,25337.86914,25520.5293,23923.88086,24345.75,714450000,0,0
2018-02-06,24085.16992,24946.23047,23778.74023,24912.76953,823940000,0,0
2018-02-07,24892.86914,25293.96094,24785.43945,24893.34961,504620000,0,0
2018-02-08,24902.30078,24903.67969,23849.23047,23860.46094,657500000,0,0
2018-02-09,23992.66992,24382.14063,23360.28906,24190.90039,735030000,0,0
2018-02-12,24337.75977,24765.16016,24290.48047,24601.26953,496610000,0,0
2018-02-13,24540.33008,24705.7207,24421.0293,24640.44922,374410000,0,0
2018-02-14,24535.82031,24925.94922,24490.35938,24893.49023,431160000,0,0
2018-02-15,25047.82031,25203.94922,24809.41992,25200.36914,416780000,0,0
2018-02-16,25165.93945,25432.41992,25149.25977,25219.38086,406730000,0,0
2018-02-20,25124.91016,25179.00977,24884.18945,24964.75,421510000,0,0
2018-02-21,24988.06055,25267.99023,24792.99023,24797.7793,456070000,0,0
2018-02-22,24855.41016,25156.7207,24854.83008,24962.48047,378900000,0,0
2018-02-23,25050.50977,25313.91016,25028.73047,25309.99023,335420000,0,0
2018-02-26,25403.34961,25732.80078,25398.56055,25709.26953,473360000,0,0
2018-02-27,25735.7793,25800.34961,25407.83008,25410.0293,438390000,0,0
2018-02-28,25485.15039,25576.15039,25022.41992,25029.19922,451870000,0,0
2018-03-01,25024.03906,25185.34961,24442.56055,24608.98047,506280000,0,0
2018-03-02,24394.91016,24592.46094,24217.75977,24538.06055,437130000,0,0
2018-03-05,24471.31055,24961,24387.15039,24874.75977,383910000,0,0
2018-03-06,24965.89063,24995.24023,24708.41016,24884.11914,331770000,0,0
2018-03-07,24758.15039,24849.67969,24535.11914,24801.35938,394070000,0,0
2018-03-08,24853.41016,24950.49023,24703.05078,24895.21094,327300000,0,0
2018-03-09,25004.89063,25336.33008,25004.89063,25335.74023,371570000,0,0
2018-03-12,25372.43945,25449.15039,25152.01953,25178.60938,362580000,0,0
2018-03-13,25257.75,25376.40039,24947.5,25007.0293,447880000,0,0
2018-03-14,25086.9707,25130.11914,24668.83008,24758.11914,356830000,0,0
2018-03-15,24837.28906,25053.86914,24753.28906,24873.66016,316310000,0,0
2018-03-16,24877.33984,25031,24857.08984,24946.50977,654240000,0,0
2018-03-19,24893.68945,24893.68945,24453.14063,24610.91016,377990000,0,0
2018-03-20,24650.64063,24803.60938,24650.64063,24727.26953,342510000,0,0
2018-03-21,24723.49023,24977.65039,24655.40039,24682.31055,343230000,0,0
2018-03-22,24526.00977,24526.00977,23938.74023,23957.89063,439280000,0,0
2018-03-23,23995.17969,24108.4707,23509.06055,23533.19922,482550000,0,0
2018-03-26,23825.74023,24232.30078,23741.2207,24202.59961,479540000,0,0
2018-03-27,24276.61914,24446.2207,23708.73047,23857.71094,524480000,0,0
2018-03-28,23883.08008,24092.4707,23728.66992,23848.41992,530040000,0,0
2018-03-29,23949.17969,24314.30078,23928.13086,24103.10938,463550000,0,0
2018-04-02,24076.59961,24123.80078,23344.51953,23644.18945,509820000,0,0
2018-04-03,0,0,0,0,0,0,0
2018-04-04,23654.15039,24308.96094,23523.16016,24264.30078,388540000,0,0
2018-04-05,24313.91016,24622.25977,24313.91016,24505.2207,347790000,0,0
2018-04-06,24373.59961,24434.40039,23738.19922,23932.75977,395990000,0,0
2018-04-09,24037.51953,24373.17969,23954.83008,23979.09961,380790000,0,0
2018-04-10,24198.94922,24511.34961,24198.94922,24408,368590000,0,0
2018-04-11,24274.18945,24366.57031,24150.86914,24189.44922,286360000,0,0
2018-04-12,24302.82031,24592.11914,24302.82031,24483.05078,336130000,0,0
2018-04-13,24582.82031,24646.44922,24243.74023,24360.14063,331890000,0,0
2018-04-16,24483.15039,24675.35938,24480.19922,24573.03906,305070000,0,0
2018-04-17,24681.78906,24858.9707,24681.78906,24786.63086,342410000,0,0
2018-04-18,24820.84961,24832.53906,24721.08984,24748.07031,302030000,0,0
2018-04-19,24711.30078,24762.48047,24557.0293,24664.89063,381110000,0,0
2018-04-20,24657.39063,24678.07031,24375.03906,24462.93945,537770000,0,0
2018-04-23,24488.07031,24536.89063,24328.53906,24448.68945,351030000,0,0
2018-04-24,24579.93945,24579.93945,23828.73047,24024.13086,468180000,0,0
2018-04-25,24070.19922,24146.33984,23823.08008,24083.83008,437100000,0,0
2018-04-26,24128.7207,24402.46094,24128.7207,24322.33984,390360000,0,0
2018-04-27,24342.14063,24359.38086,24194.44922,24311.18945,392810000,0,0
2018-04-30,24410.41016,24498.23047,24163.08008,24163.15039,416650000,0,0
2018-05-01,24117.28906,24117.28906,23808.18945,24099.05078,380070000,0,0
2018-05-02,24097.63086,24185.51953,23886.30078,23924.98047,385350000,0,0
2018-05-03,23836.23047,23996.15039,23531.31055,23930.15039,389240000,0,0
2018-05-04,23865.2207,24333.34961,23778.86914,24262.50977,329480000,0,0
2018-05-07,24317.66016,24479.44922,24263.41992,24357.32031,307670000,0,0
2018-05-08,24341.34961,24412.33984,24198.33984,24360.21094,344940000,0,0
2018-05-09,24399.17969,24586.48047,24323.86914,24542.53906,361580000,0,0
2018-05-10,24591.66016,24794.99023,0,24739.5293,304210000,0,0
2018-05-11,24758.64063,24868.65039,24717.5,24831.16992,274150000,0,0
2018-05-14,24879.36914,24994.18945,24862.51953,24899.41016,282860000,0,0
2018-05-15,24809.55078,24809.55078,24629.39063,24706.41016,301900000,0,0
2018-05-16,24722.32031,24801.18945,24672.78906,24768.92969,280810000,0,0
2018-05-17,24752.40039,24839.49023,24639.40039,0,314650000,0,0
2018-05-18,24707.7207,24774.9707,24664.86914,24715.08984,269700000,0,0
2018-05-21,24883.06055,25086.49023,24883.06055,25013.28906,308920000,0,0
2018-05-22,25047.55078,25064.99023,24812.06055,24834.41016,288200000,0,0
2018-05-23,24757.71094,24889.46094,24667.11914,24886.81055,399610000,0,0
2018-05-24,24877.35938,24877.35938,24605.90039,24811.75977,347050000,0,0
2018-05-25,24781.28906,24824.2207,24687.81055,0,257210000,0,0
2018-05-29,24606.58984,24635.17969,24247.83984,24361.44922,395810000,0,0
2018-05-30,24467.83008,24714.48047,24459.08984,24667.7793,324870000,0,0
2018-05-31,0,0,0,0,0,0,0
2018-06-01,24542.08984,24673.59961,24542.08984,24635.21094,315710000,0,0
2018-06-04,24727.55078,24859.36914,24722.14063,24813.68945,340400000,0,0
2018-06-05,24820.11914,24838.7793,24710.82031,24799.98047,306340000,0,0
2018-06-06,24854.14063,25146.46094,24854.14063,25146.39063,316090000,0,0
2018-06-07,25192.14063,25326.08984,25164.48047,25241.41016,357680000,0,0
2018-06-08,25209.28906,25325.63086,25165.69922,25316.5293,317510000,0,0
2018-06-11,25336.66992,25402.83008,0,25322.31055,276740000,0,0
2018-06-12,25346.82031,25364.36914,25247.03906,25320.73047,265750000,0,0
2018-06-13,25328.65039,25362.07031,25191.41992,25201.19922,329700000,0,0
2018-06-14,25254.65039,25332.5,25138.59961,25175.31055,341170000,0,0
2018-06-15,25116.71094,25130.82031,24894.38086,25090.48047,659370000,0,0
2018-06-18,24944.2793,25003.09961,24825.76953,24987.4707,337070000,0,0
2018-06-19,24763.58984,24763.58984,24567.75,24700.21094,376380000,0,0
2018-06-20,24771.16992,24804.75977,24628.39063,24657.80078,359520000,0,0
2018-06-21,24639.21094,24639.21094,24406.63086,24461.69922,349570000,0,0
2018-06-22,24526.9707,24663.17969,24526.9707,24580.89063,473970000,0,0
2018-06-25,24463.73047,24463.73047,24084.39063,24252.80078,439130000,0,0
2018-06-26,24281.89063,24384.21094,24241.2207,24283.10938,301130000,0,0
2018-06-27,24303.10938,24569.01953,24115.82031,24117.58984,313790000,0,0
2018-06-28,24064.18945,24308.16016,23997.21094,24216.05078,305020000,0,0
2018-06-29,0,0,0,0,0,0,0
2018-07-02,24161.5293,24319.41992,24077.56055,24307.17969,244110000,0,0
2018-07-03,24359.39063,24444.88086,24150.84961,24174.82031,160960000,0,0
2018-07-05,24285.82031,24372.80078,24177.43945,24356.74023,237670000,0,0
2018-07-06,24352.4707,24520.28906,24281.4707,24456.48047,219450000,0,0
2018-07-09,24519.19922,24796.51953,24518.42969,24776.58984,240580000,0,0
2018-07-10,24806.9707,24945.38086,24806.9707,24919.66016,235040000,0,0
2018-07-11,24789.48047,24815.16016,24663.82031,24700.44922,237370000,0,0
2018-07-12,24802.90039,24939.9707,24802.90039,0,233150000,0,0
2018-07-13,24926.07031,25043.21094,24890.06055,25019.41016,255520000,0,0
2018-07-16,25025.58008,25072.41016,24979.64063,25064.35938,231270000,0,0
2018-07-17,25033.91992,25155.39063,24989.60938,25119.89063,250450000,0,0
2018-07-18,25133.78906,25215.32031,25101.11914,25199.28906,252870000,0,0
2018-07-19,0,0,0,0,0,0,0
2018-07-20,25041.14063,25124.09961,24986.34961,25058.11914,274080000,0,0
2018-07-23,25036.90039,25081.44922,24983.33008,25044.28906,228820000,0,0
2018-07-24,25092.42969,25286.61914,25092.42969,25241.93945,274940000,0,0
2018-07-25,0,0,0,0,0,0,0
2018-07-26,25468.55078,25587.24023,25463.16016,25527.07031,297530000,0,0
2018-07-27,25520.51953,25580.2207,25370.07031,25451.06055,329680000,0,0
2018-07-30,25439.32031,25500.16016,25287.38086,25306.83008,296880000,0,0
2018-07-31,25345.21094,25490.98047,25345.21094,25415.18945,348700000,0,0
2018-08-01,25461.63086,25488.80078,25278.32031,25333.82031,315880000,0,0
2018-08-02,25256.44922,25360.48047,25120.07031,25326.16016,307700000,0,0
2018-08-03,25360.36914,25467.90039,25325.16992,25462.58008,239020000,0,0
2018-08-06,25437.42969,25540.01953,25381.38086,25502.17969,238990000,0,0
2018-08-07,25551.65039,25692.7207,25551.65039,25628.91016,239910000,0,0
2018-08-08,25615.7207,25634.10938,25557.48047,25583.75,217770000,0,0
2018-08-09,25589.78906,25613.31055,25492.68945,25509.23047,214970000,0,0
2018-08-10,25401.18945,25401.18945,25222.88086,25313.14063,234480000,0,0
2018-08-13,25327.18945,25381.39063,25153.92969,25187.69922,219990000,0,0
2018-08-14,25215.68945,25339.50977,25201.86914,25299.91992,219210000,0,0
2018-08-15,25235.36914,25235.36914,24965.76953,25162.41016,295810000,0,0
2018-08-16,25294.9707,25607.33984,25294.9707,25558.73047,342430000,0,0
2018-08-17,25550.80078,25728.16016,25521.66016,25669.32031,284160000,0,0
2018-08-20,25727.69922,25790.16992,25716.41016,25758.68945,248570000,0,0
2018-08-21,25786.99023,25888.82031,25784.90039,25822.28906,241620000,0,0
2018-08-22,25825.06055,25836.16016,25722.42969,25733.59961,200480000,0,0
2018-08-23,25714.85938,25762.56055,25608.01953,25656.98047,213270000,0,0
2018-08-24,25688.58008,25826.05078,25688.58008,25790.34961,200330000,0,0
2018-08-27,25882.71094,26067.57031,25882.71094,26049.64063,220510000,0,0
2018-08-28,26092.69922,26122.24023,26037.84961,26064.01953,211470000,0,0
2018-08-29,26082.5293,26167.93945,26035.30078,26124.57031,214960000,0,0
2018-08-30,26099.00977,26104.36914,25934.80078,25986.91992,240440000,0,0
2018-08-31,25964.84961,26028.83008,25879.76953,25964.82031,273440000,0,0
2018-09-04,25916.07031,25971.76953,25805.94922,25952.48047,254600000,0,0
2018-09-05,25919.83984,26011.2207,25871.03906,25974.99023,289210000,0,0
2018-09-06,25973.01953,26073.67969,25880.83984,25995.86914,262380000,0,0
2018-09-07,25951.01953,26002.99023,25818.39063,25916.53906,281350000,0,0
2018-09-10,25991.91016,26039.96094,25854.13086,25857.07031,252170000,0,0
2018-09-11,25841.14063,26019.91992,25754.32031,25971.06055,265960000,0,0
2018-09-12,25989.07031,26145.7207,25929.42969,25998.91992,282770000,0,0
2018-09-13,26083.93945,26191.64063,26067.08008,26145.99023,260800000,0,0
2018-09-14,26169.56055,26211.10938,26068.28906,26154.66992,228640000,0,0
2018-09-17,26151.66016,26184.4707,26030.34961,26062.11914,230230000,0,0
2018-09-18,26076.21094,26317.33984,26076.21094,26246.96094,243000000,0,0
2018-09-19,26287.83984,26464.41016,26280.75977,26405.75977,251330000,0,0
2018-09-20,26519.39063,26697.49023,26519.39063,26656.98047,260480000,0,0
2018-09-21,26726.25,26769.16016,26680.36914,26743.5,657620000,0,0
2018-09-24,26705.25,26709.93945,26548.67969,26562.05078,254850000,0,0
2018-09-25,26601.58008,26634.84961,26475.58008,26492.21094,234110000,0,0
2018-09-26,26536.85938,26606.08984,26349.33984,26385.2793,262620000,0,0
2018-09-27,26418.26953,26557.00977,26379.94922,26439.92969,226350000,0,0
2018-09-28,26407.66016,26515.75977,0,26458.31055,264030000,0,0
2018-10-01,26598.35938,26737.98047,26596.05078,26651.21094,238320000,0,0
2018-10-02,26648.91016,26824.7793,26627.66016,26773.93945,258290000,0,0
2018-10-03,26833.4707,26951.81055,26789.08008,26828.39063,280130000,0,0
2018-10-04,26784.08008,26793.82031,26471.60938,26627.48047,289600000,0,0
2018-10-05,26632.76953,26676.16016,26301.81055,26447.05078,267100000,0,0
2018-10-08,26399.44922,26529.34961,26223.08984,26486.7793,273020000,0,0
2018-10-09,26469.18945,26539.93945,26324.16016,26430.57031,282560000,0,0
2018-10-10,26441.73047,26487.86914,25567.09961,25598.74023,438200000,0,0
2018-10-11,25518.39063,25683.64063,24899.76953,25052.83008,522880000,0,0
2018-10-12,25407.63086,25467.55078,25000.83008,25339.99023,397510000,0,0
2018-10-15,25332.46094,25482.41992,25243.88086,25250.55078,287320000,0,0
2018-10-16,25351.5293,25817.67969,25351.5293,25798.41992,305800000,0,0
2018-10-17,25705.86914,25810.08984,25479.16016,25706.67969,298210000,0,0
2018-10-18,25645.56055,25691.46094,25236.00977,25379.44922,328020000,0,0
2018-10-19,25421.08984,25608.71094,25350.01953,25444.33984,350810000,0,0
2018-10-22,25492.14063,25561.33984,25236.05078,25317.41016,314940000,0,0
2018-10-23,0,0,0,0,0,0,0
2018-10-24,25172.88086,25306.23047,24533.18945,24583.41992,496400000,0,0
2018-10-25,24736.53906,25104.28906,24645.56055,24984.55078,439670000,0,0
2018-10-26,24770.25,24916.16016,24445.18945,24688.31055,505310000,0,0
2018-10-29,24818.98047,25040.58008,24122.23047,24442.91992,443850000,0,0
2018-10-30,0,0,0,0,0,0,0
2018-10-31,25008.82031,25336.55078,25008.82031,25115.75977,448930000,0,0
2018-11-01,0,0,0,0,0,0,0
2018-11-02,25443.59961,25578.98047,25078.7207,25270.83008,429480000,0,0
2018-11-05,25261.4707,25507.34961,25261.4707,25461.69922,334740000,0,0
2018-11-06,25452.83008,25651.85938,25444.90039,25635.00977,265450000,0,0
2018-11-07,25788.46094,26200.14063,25765.88086,26180.30078,361780000,0,0
2018-11-08,26139.58984,26277.82031,26081.90039,26191.2207,295650000,0,0
2018-11-09,26149.10938,26161.49023,25882.91016,25989.30078,324450000,0,0
2018-11-12,25959.33008,25966.71094,25340.50977,25387.17969,346910000,0,0
2018-11-13,25321.21094,25511.0293,25193.7793,25286.49023,339690000,0,0
2018-11-14,25388.08008,25501.28906,24935.82031,25080.5,384240000,0,0
2018-11-15,25061.48047,25354.56055,24787.78906,25289.26953,392750000,0,0
2018-11-16,25242.34961,25510.23047,25147.80078,25413.2207,354460000,0,0
2018-11-19,25392.60938,25392.60938,24900.98047,25017.43945,358090000,0,0
2018-11-20,24618.67969,24707.25977,24368.98047,24465.64063,445920000,0,0
2018-11-21,24541.65039,24669.78906,24463.2793,24464.68945,289370000,0,0
2018-11-23,24336.40039,24408.80078,24268.74023,24285.94922,155940000,0,0
2018-11-26,24364.13086,24673.28906,24364.13086,24640.24023,306280000,0,0
2018-11-27,24557.01953,24750.73047,24416.0293,24748.73047,308250000,0,0
2018-11-28,24832.83984,25368.92969,24832.83984,25366.42969,362160000,0,0
2018-11-29,25343.65039,25479.03906,25202.78906,25338.83984,305110000,0,0
2018-11-30,25307.14063,25549.71094,25250.9707,25538.46094,482250000,0,0
2018-12-03,25779.57031,25980.21094,25670.50977,25826.42969,388480000,0,0
2018-12-04,25752.56055,25773.11914,25008.10938,25027.07031,418900000,0,0
2018-12-06,24737.41992,24951.00977,24242.2207,24947.66992,471690000,0,0
2018-12-07,24918.82031,25095.61914,24284.7793,24388.94922,398230000,0,0
2018-12-10,24360.94922,24500.81055,23881.36914,24423.25977,389690000,0,0
2018-12-11,24719.91016,24791.25977,24221.06055,24370.24023,342960000,0,0
2018-12-12,24509.08984,24828.28906,24509.08984,24527.26953,344330000,0,0
2018-12-13,24575.85938,24740.96094,0,24597.38086,299970000,0,0
2018-12-14,24408.03906,24431.14063,24033.78906,24100.50977,416940000,0,0
2018-12-17,23986.83008,24088.08008,23456.88086,23592.98047,466740000,0,0
2018-12-18,23769.13086,23927.76953,23516.01953,23675.64063,408070000,0,0
2018-12-19,23693.33008,24057.33984,23162.64063,23323.66016,503550000,0,0
2018-12-20,23224.11914,23282.19922,22644.31055,22859.59961,576700000,0,0
2018-12-21,22871.74023,23254.58984,22396.33984,22445.36914,900510000,0,0
2018-12-24,22317.2793,22339.86914,0,21792.19922,308420000,0,0
2018-12-26,21857.73047,22878.91992,21712.5293,22878.44922,433080000,0,0
2018-12-27,22629.06055,23138.89063,22267.41992,23138.82031,407940000,0,0
2018-12-28,23213.60938,23381.88086,22981.33008,23062.40039,336510000,0,0
2018-12-31,23153.93945,23333.17969,23118.30078,23327.46094,288830000,0,0
2019-01-02,23058.60938,23413.4707,22928.58984,23346.24023,321570000,0,0
2019-01-03,23176.39063,23176.39063,0,22686.2207,424240000,0,0
2019-01-04,22894.91992,23518.64063,22894.91992,23433.16016,396020000,0,0
2019-01-07,23474.25977,23687.74023,0,23531.34961,334200000,0,0
2019-01-08,23680.32031,23864.65039,23581.44922,23787.44922,317420000,0,0
2019-01-09,23844.26953,24084.71094,23703.16016,23879.11914,324570000,0,0
2019-01-10,23811.10938,24014.7793,23703.25,24001.91992,338150000,0,0
2019-01-11,23940.00977,23996.32031,23798.16016,23995.94922,262650000,0,0
2019-01-14,23880.5293,23964.90039,23765.24023,23909.83984,277560000,0,0
2019-01-15,23914.10938,24099.14063,23887.92969,24065.58984,291570000,0,0
2019-01-16,24139.91016,24288.60938,24119.7207,24207.16016,302830000,0,0
2019-01-17,24147.08984,24474.46094,24088.90039,24370.09961,288590000,0,0
2019-01-18,24534.18945,24750.2207,24459.0293,24706.34961,372970000,0,0
2019-01-22,24607.75977,24607.75977,24244.31055,24404.48047,338480000,0,0
2019-01-23,24577.25,24700.98047,0,24575.61914,318600000,0,0
2019-01-24,24579.96094,24626.30078,24422.73047,24553.24023,320170000,0,0
2019-01-25,24687.21094,24860.15039,24676.75,24737.19922,376890000,0,0
2019-01-28,24596.98047,24596.98047,24323.93945,24528.2207,347170000,0,0
2019-01-29,24519.61914,24674.86914,24504.03906,24579.96094,330870000,0,0
2019-01-30,24826.51953,25109.61914,24790.90039,25014.85938,397330000,0,0
2019-01-31,24954.48047,25049.61914,24842.08984,24999.66992,507350000,0,0
2019-02-01,25025.31055,25193.15039,24982.49023,25063.89063,372090000,0,0
2019-02-04,25062.11914,25239.91016,24977.66992,25239.36914,298540000,0,0
2019-02-05,25287.92969,25427.32031,0,25411.51953,310650000,0,0
2019-02-06,25371.57031,25439.03906,25312.06055,25390.30078,247590000,0,0
2019-02-07,25265.81055,25314.25977,25000.51953,25169.5293,295460000,0,0
2019-02-08,25042.35938,25106.39063,24883.03906,25106.33008,248210000,0,0
2019-02-11,25142.81055,25196.75,25009.09961,0,241700000,0,0
2019-02-12,25152.0293,25458.98047,0,25425.75977,278110000,0,0
2019-02-13,25480.85938,25625.94922,25480.85938,25543.26953,263330000,0,0
2019-02-14,25460.65039,25558.90039,25308.08984,25439.39063,313010000,0,0
2019-02-15,25564.63086,25883.7207,25564.63086,25883.25,328530000,0,0
2019-02-19,25849.84961,25961.43945,25820.00977,25891.32031,280620000,0,0
2019-02-20,25872.25977,25986.19922,25846.48047,25954.43945,287880000,0,0
2019-02-21,25922.41016,25938.88086,25762.21094,25850.63086,255710000,0,0
2019-02-22,25906.26953,26052.90039,25906.26953,26031.81055,279760000,0,0
2019-02-25,26126.15039,26241.41992,26080.66016,26091.94922,281600000,0,0
2019-02-26,26051.60938,26155.28906,25966.00977,26057.98047,257850000,0,0
2019-02-27,25995.59961,26039.67969,25877.24023,25985.16016,255380000,0,0
2019-02-28,25984.2793,26029.21094,25896.56055,25916,338520000,0,0
2019-03-01,26019.66992,26143.91992,25914.36914,26026.32031,289890000,0,0
2019-03-04,26122.18945,26155.98047,25611.55078,25819.65039,295510000,0,0
2019-03-05,25829.07031,25877.15039,25725.63086,25806.63086,252260000,0,0
2019-03-06,25818.75977,25837.60938,25633.71094,25673.46094,256250000,0,0
2019-03-07,25645.44922,25645.44922,25352.55078,25473.23047,289140000,0,0
2019-03-08,25347.38086,25466.14063,25252.46094,25450.24023,270500000,0,0
2019-03-11,25208,25661.63086,0,25650.88086,309790000,0,0
2019-03-12,25600.30078,25675.43945,25522.16992,25554.66016,317730000,0,0
2019-03-13,25637.23047,25776.49023,25571.31055,25702.89063,331410000,0,0
2019-03-14,25692.31055,25752.83984,25621.31055,25709.93945,302790000,0,0
2019-03-15,25720.96094,25927.91016,25649.69922,25848.86914,616910000,0,0
2019-03-18,25801.88086,25924.76953,25785.66016,25914.09961,399530000,0,0
2019-03-19,25987.86914,26109.67969,25814.91992,25887.38086,342250000,0,0
2019-03-20,25867.78906,25929.51953,25670.63086,25745.66992,321980000,0,0
2019-03-21,25688.43945,26009.90039,25657.7793,25962.50977,335250000,0,0
2019-03-22,25844.65039,25877.00977,25501.44922,25502.32031,386510000,0,0
2019-03-25,25490.7207,25603.26953,25372.25977,25516.83008,303120000,0,0
2019-03-26,25649.56055,25796.28906,25544.7793,25657.73047,305110000,0,0
2019-03-27,25676.33984,25758.16992,25425.26953,25625.58984,270340000,0,0
2019-03-28,25693.32031,25743.41016,25576.68945,25717.46094,237170000,0,0
2019-03-29,0,0,0,0,0,0,0
2019-04-01,26075.09961,26280.90039,26071.68945,26258.41992,295570000,0,0
2019-04-02,0,0,0,0,0,0,0
2019-04-03,26238.0293,26282.16992,26138.4707,26218.13086,271980000,0,0
2019-04-04,26213.41992,26398.90039,26212.7793,26384.63086,233040000,0,0
2019-04-05,26427.56055,26487.57031,26370.82031,26424.99023,229550000,0,0
2019-04-08,26312.66992,26344.65039,26246.0293,26341.01953,229380000,0,0
2019-04-09,26243.53906,26246.33984,26103.14063,26150.58008,244410000,0,0
2019-04-10,26173.71094,26209.49023,26101.24023,26157.16016,203130000,0,0
2019-04-11,26188.21094,26229.88086,26062.58984,26143.05078,211680000,0,0
2019-04-12,26357.78906,26436.67969,26309.7207,26412.30078,369910000,0,0
2019-04-15,26407.75977,26424.84961,26316.41992,26384.76953,250620000,0,0
2019-04-16,26482.18945,26530.71094,26397.18945,26452.66016,302340000,0,0
2019-04-17,26468.5293,26501.01953,26391.85938,26449.53906,367780000,0,0
2019-04-18,26463.36914,26602.41992,26444.5293,26559.53906,332850000,0,0
2019-04-22,26510.76953,26553.05078,26458.60938,26511.05078,232570000,0,0
2019-04-23,26513.83008,26695.96094,26503.56055,26656.39063,311690000,0,0
2019-04-24,26652.56055,26680.58008,26582.85938,26597.05078,283370000,0,0
2019-04-25,26426.36914,26536.48047,26310.2793,26462.08008,296730000,0,0
2019-04-26,26454.61914,26543.56055,26392.55078,26543.33008,317290000,0,0
2019-04-29,26559.86914,26602.53906,26520.75,26554.39063,279450000,0,0
2019-04-30,26594.56055,26614.03906,26419.4707,26592.91016,340320000,0,0
2019-05-01,26639.06055,26689.39063,26426.38086,26430.14063,303850000,0,0
2019-05-02,26407.15039,26454.68945,26180.35938,26307.78906,287610000,0,0
2019-05-03,26379.14063,26534.96094,26370.08984,26504.94922,248900000,0,0
2019-05-06,26160.61914,26476.26953,26033.94922,26438.48047,283020000,0,0
2019-05-07,26276.90039,26276.90039,25789.71094,25965.08984,334960000,0,0
2019-05-08,25933.78906,26118.09961,25889.41016,25967.33008,276420000,0,0
2019-05-09,25878.84961,25884.89063,25517.39063,25828.35938,334760000,0,0
2019-05-10,25763.7207,26019.32031,25469.85938,25942.36914,294580000,0,0
2019-05-13,25568.06055,25568.06055,25222.50977,25324.99023,361240000,0,0
2019-05-14,25384.0293,25688.96094,25384.0293,25532.05078,291570000,0,0
2019-05-15,25400.13086,25724.89063,25341.93945,25648.01953,270720000,0,0
2019-05-16,0,0,0,0,0,0,0
2019-05-17,25719.94922,25948.74023,25657.7793,25764,283760000,0,0
2019-05-20,25655.31055,25751.71094,25560.55078,25679.90039,279560000,0,0
2019-05-21,25782.33984,25898.26953,25779.60938,25877.33008,260870000,0,0
2019-05-22,25818.46094,25878.21094,25755.10938,25776.60938,241760000,0,0
2019-05-23,25657.99023,25657.99023,25328.08984,25490.4707,316940000,0,0
2019-05-24,25551.07031,25670.81055,25496.19922,25585.68945,201370000,0,0
2019-05-28,25616.55078,25717.63086,25342.2793,25347.76953,358980000,0,0
2019-05-29,25231.46094,25231.46094,24938.24023,25126.41016,298930000,0,0
2019-05-30,25139.93945,25218.53906,25066.75,25169.88086,215240000,0,0
2019-05-31,25046.31055,25046.31055,24809.50977,0,292230000,0,0
2019-06-03,24830.16016,24935.21094,24680.57031,24819.7793,328240000,0,0
2019-06-04,24962.82031,25343.76953,24962.82031,25332.17969,281690000,0,0
2019-06-05,25451,25544.66016,25373.58008,25539.57031,262660000,0,0
2019-06-06,25567.44922,25800.30078,25518.05078,25720.66016,248070000,0,0
2019-06-07,25768.7207,26072.75,25768.7207,25983.93945,263010000,0,0
2019-06-10,26090.2207,26210.60938,26054.31055,26062.67969,249280000,0,0
2019-06-11,26180.58984,26248.66992,25998.86914,26048.50977,253490000,0,0
2019-06-12,26040.30078,26082.09961,25958.66016,26004.83008,223690000,0,0
2019-06-13,26036.93945,26146.91016,25995.71094,26106.76953,213400000,0,0
2019-06-14,26076.35938,26162.2793,25988.08984,26089.60938,208020000,0,0
2019-06-17,26108.5293,26165.7793,26049.80078,26112.5293,199500000,0,0
2019-06-18,26228.88086,26527.18945,26227.75977,26465.53906,273490000,0,0
2019-06-19,0,0,0,0,0,0,0
2019-06-20,26665.38086,26798.63086,26539.68945,26753.16992,278170000,0,0
2019-06-21,26749.11914,26907.36914,26705.86914,26719.13086,485560000,0,0
2019-06-24,26727.60938,26806.51953,26723.36914,26727.53906,232390000,0,0
2019-06-25,26731.60938,26752.31055,26527.66016,26548.2207,282160000,0,0
2019-06-26,26599.41992,26660.03906,26536.33008,26536.82031,274340000,0,0
2019-06-27,26523.7207,26607.24023,26465.32031,26526.58008,246930000,0,0
2019-06-28,26605.92969,26638.34961,26522.26953,26599.96094,499350000,0,0
2019-07-01,26805.85938,26890.64063,26616.21094,26717.42969,267670000,0,0
2019-07-02,26719.5293,26787.56055,26632.65039,26786.67969,219270000,0,0
2019-07-03,26832.32031,26966,26831.43945,26966,149840000,0,0
2019-07-05,26867.75,26950.81055,26733.33008,26922.11914,192170000,0,0
2019-07-08,26835.64063,26839.14063,26744.86914,26806.14063,214290000,0,0
2019-07-09,26725.11914,26807.69922,26665.57031,26783.49023,218330000,0,0
2019-07-10,26851.96094,26983.44922,26813.10938,26860.19922,207990000,0,0
2019-07-11,26950.16016,27088.44922,0,27088.08008,252300000,0,0
2019-07-12,27139.49023,27333.78906,27135.44922,27332.0293,248390000,0,0
2019-07-15,27364.68945,27364.68945,27294.16992,27359.16016,199730000,0,0
2019-07-16,27349.32031,27398.67969,27290.24023,27335.63086,226000000,0,0
2019-07-17,27320.91016,27343.06055,27218.38086,27219.84961,193930000,0,0
2019-07-18,27191.98047,27266.81055,27068.78906,27222.9707,216070000,0,0
2019-07-19,0,0,0,0,0,0,0
2019-07-22,27174.17969,27227.76953,27088.90039,27171.90039,216310000,0,0
2019-07-23,27231.85938,27368.81055,27204.58008,27349.18945,248850000,0,0
2019-07-24,27262.24023,27291.03906,27191.11914,0,244320000,0,0
2019-07-25,27247.39063,27298.42969,27062.48047,27140.98047,241420000,0,0
2019-07-26,27166,27213.69922,27123.25,27192.44922,233650000,0,0
2019-07-29,27192.24023,27275.84961,27178.06055,27221.34961,250850000,0,0
2019-07-30,27145.39063,27224.35938,27069.85938,0,293250000,0,0
2019-07-31,27244.66992,27281.65039,26719.59961,26864.26953,385150000,0,0
2019-08-01,0,0,0,0,0,0,0
2019-08-02,26528.66016,26570.01953,26249.2207,26485.00977,327640000,0,0
2019-08-05,26259.23047,26259.23047,25523.38086,25717.74023,422240000,0,0
2019-08-06,25810.61914,26038.67969,25710.86914,26029.51953,318160000,0,0
2019-08-07,25814.2207,26073.21094,25440.39063,26007.07031,344790000,0,0
2019-08-08,26086.51953,26383.60938,26038.09961,26378.18945,282530000,0,0
2019-08-09,26337.08984,26413.35938,26097.64063,0,240260000,0,0
2019-08-12,26169.91016,26178.94922,25824.93945,25896.43945,199390000,0,0
2019-08-13,25888.88086,26426.9707,25833.25,26279.91016,308900000,0,0
2019-08-14,26035.08008,26035.08008,25471.58984,25479.41992,352250000,0,0
2019-08-15,25514.25,25639.68945,25339.59961,25579.39063,332600000,0,0
2019-08-16,25678.16992,25929.65039,25678.16992,25886.00977,276210000,0,0
2019-08-19,26020.06055,26222.32031,26020.06055,26135.78906,252640000,0,0
2019-08-20,26086.85938,26160.11914,25952,25962.43945,238100000,0,0
2019-08-21,26145.35938,26268.32031,26141.76953,26202.73047,208790000,0,0
2019-08-22,26271.64063,26388.7793,26099.00977,0,222810000,0,0
2019-08-23,26134.21094,26320.28906,25507.17969,25628.90039,364260000,0,0
2019-08-26,25826.05078,25941.25,25716.39063,25898.83008,222780000,0,0
2019-08-27,26014.46094,26054.01953,25721.84961,25777.90039,263530000,0,0
2019-08-28,25712.99023,26041.57031,25637.42969,26036.09961,207070000,0,0
2019-08-29,26249.08984,26408.83984,26185.71094,26362.25,208650000,0,0
2019-08-30,26476.39063,26514.61914,26295.58984,26403.2793,2190810000,0,0
2019-09-03,26198.25977,26198.25977,25978.2207,26118.01953,223210000,0,0
2019-09-04,26301.99023,26362.34961,26244.43945,26355.4707,202710000,0,0
2019-09-05,26603.15039,26836.30078,26603.15039,26728.15039,256670000,0,0
2019-09-06,26790.25,26860.86914,26708.39063,26797.46094,209700000,0,0
2019-09-09,26866.23047,26900.83008,26762.17969,26835.50977,273120000,0,0
2019-09-10,26805.83008,26909.42969,26717.05078,26909.42969,322340000,0,0
2019-09-11,26928.05078,27137.03906,26885.48047,27137.03906,272590000,0,0
2019-09-12,27197.32031,27306.73047,27105.00977,27182.44922,250010000,0,0
2019-09-13,27216.66992,27277.55078,27193.94922,27219.51953,255260000,0,0
2019-09-16,27146.06055,27172.86914,27032.56055,27076.82031,220620000,0,0
2019-09-17,27010.11914,27110.80078,26984.14063,27110.80078,223580000,0,0
2019-09-18,27075.39063,27161.92969,26899.15039,27147.08008,212860000,0,0
2019-09-19,27186.05078,27272.16992,27064.21094,27094.78906,212360000,0,0
2019-09-20,27102.17969,27194.75,26926.67969,26935.07031,497640000,0,0
2019-09-23,26851.44922,27011.07031,26831.33984,26949.99023,204240000,0,0
2019-09-24,27034.07031,27079.67969,26704.96094,26807.76953,301750000,0,0
2019-09-25,26866.71094,27016.56055,26755.85938,26970.71094,237220000,0,0
2019-09-26,27004.10938,27015.07031,26803.83984,26891.11914,229180000,0,0
2019-09-27,26987.25977,27012.53906,26715.82031,26820.25,217780000,0,0
2019-09-30,26852.33008,26998.85938,26852.33008,26916.83008,222680000,0,0
2019-10-01,26962.53906,27046.21094,26562.2207,26573.03906,260110000,0,0
2019-10-02,26425.85938,26438.03906,25974.11914,26078.61914,309640000,0,0
2019-10-03,26039.01953,26205.19922,25743.46094,26201.03906,241610000,0,0
2019-10-04,26271.69922,26590.74023,26271.69922,26573.7207,221310000,0,0
2019-10-07,26502.33008,26655.83984,26424.53906,26478.01953,195200000,0,0
2019-10-08,26276.58984,26421.81055,26139.80078,26164.03906,244590000,0,0
2019-10-09,26308.23047,26424.31055,26249.75,26346.00977,190060000,0,0
2019-10-10,26317.34961,26603.31055,26314.50977,0,217680000,0,0
2019-10-11,26694.19922,27013.9707,26694.19922,26816.58984,282080000,0,0
2019-10-14,26766.42969,26874.33008,26749.17969,26787.35938,178620000,0,0
2019-10-15,26811.19922,27120.10938,0,27024.80078,245510000,0,0
2019-10-16,26972.31055,27058.33984,26943.28906,27001.98047,214660000,0,0
2019-10-17,27032.38086,27112.16016,26970.28906,27025.88086,222540000,0,0
2019-10-18,0,0,0,0,0,0,0
2019-10-21,26852.66992,26852.66992,26747.61914,26827.64063,241030000,0,0
2019-10-22,26850.42969,26946.64063,26782.60938,26788.09961,265510000,0,0
2019-10-23,26835.24023,26896.89063,26745,26833.94922,247680000,0,0
2019-10-24,26893.92969,26931.7793,26714.33984,26805.5293,253590000,0,0
2019-10-25,26789.60938,27015.36914,26765.67969,26958.06055,274610000,0,0
2019-10-28,27040.33008,27167.88086,27028.71094,27090.7207,290770000,0,0
2019-10-29,27061.07031,27165.93945,27039.75977,27071.46094,269610000,0,0
2019-10-30,27110.71094,27204.35938,26999.64063,27186.68945,231750000,0,0
2019-10-31,27188.36914,27188.36914,26918.28906,27046.23047,273830000,0,0
2019-11-01,27142.94922,27347.42969,27142.94922,27347.35938,270870000,0,0
2019-11-04,27402.06055,27517.58008,27402.06055,27462.10938,273030000,0,0
2019-11-05,27500.23047,27560.35938,27453.55078,27492.63086,286350000,0,0
2019-11-06,0,0,0,0,0,0,0
2019-11-07,27590.16016,27774.66992,27590.16016,27674.80078,259020000,0,0
2019-11-08,27686.19922,27694.94922,27578.9707,27681.24023,221440000,0,0
2019-11-11,27580.66016,27714.39063,27517.66992,27691.49023,202350000,0,0
2019-11-12,27701.58984,27770.85938,27635.32031,27691.49023,213670000,0,0
2019-11-13,27622.03906,27806.40039,27587.19922,27783.58984,278390000,0,0
2019-11-14,27757.19922,27800.71094,27676.9707,27781.96094,303970000,0,0
2019-11-15,27843.53906,28004.89063,27843.53906,28004.89063,283720000,0,0
2019-11-18,27993.2207,28040.9707,27969.24023,28036.2207,252320000,0,0
2019-11-19,28079.75977,28090.21094,27894.51953,27934.01953,245890000,0,0
2019-11-20,27879.55078,27897.2793,27675.2793,27821.08984,258140000,0,0
2019-11-21,27820.2793,27828.33008,27708.33984,27766.28906,232020000,0,0
2019-11-22,27831.23047,27898.46094,27773.98047,27875.61914,214780000,0,0
2019-11-25,27917.76953,28068.68945,27917.76953,28066.4707,248420000,0,0
2019-11-26,28080.75,28146.01953,28042.21094,28121.67969,324050000,0,0
2019-11-27,28156.4707,28174.9707,28075.23047,28164,198210000,0,0
2019-11-29,28103.16016,28119.50977,28042.5293,28051.41016,120630000,0,0
2019-12-02,28109.74023,28109.83984,27782.34961,27783.03906,236610000,0,0
2019-12-03,27501.98047,27524.74023,27325.13086,27502.81055,275350000,0,0
2019-12-04,27634.63086,27727.44922,27612.08008,27649.7793,218200000,0,0
2019-12-05,27736.05078,27745.19922,27562.80078,27677.78906,208600000,0,0
2019-12-06,27839.67969,28035.84961,27839.67969,28015.06055,223310000,0,0
2019-12-09,27987.05078,28010.41992,27906.14063,0,217000000,0,0
2019-12-10,0,0,0,0,0,0,0
2019-12-11,27867.31055,27925.5,27801.80078,27911.30078,213510000,0,0
2019-12-12,27898.33984,28224.94922,0,0,277740000,0,0
2019-12-13,28123.64063,28290.73047,28028.32031,28135.38086,250660000,0,0
2019-12-16,28191.66992,28337.49023,28191.66992,28235.89063,286770000,0,0
2019-12-17,28221.75,28328.63086,28220.56055,28267.16016,286770000,0,0
2019-12-18,28291.43945,28323.25,28239.2793,0,289890000,0,0
2019-12-19,28278.31055,28381.48047,28278.24023,28376.96094,262570000,0,0
2019-12-20,28608.64063,28608.64063,28445.59961,28455.08984,603780000,0,0
2019-12-23,28491.7793,28582.49023,28491.7793,28551.5293,223530000,0,0
2019-12-24,28572.57031,28576.80078,28503.21094,28515.44922,86150000,0,0
2019-12-26,28539.46094,28624.09961,28535.15039,28621.39063,155970000,0,0
2019-12-27,28675.33984,28701.66016,28608.98047,28645.25977,182280000,0,0
2019-12-30,28654.75977,28664.68945,28428.98047,28462.14063,181600000,0,0
2019-12-31,28414.64063,28547.34961,28376.49023,28538.43945,193340000,0,0
2020-01-02,28638.9707,28872.80078,28627.76953,28868.80078,251820000,0,0
2020-01-03,28553.33008,28716.31055,28500.35938,0,239590000,0,0
2020-01-06,28465.5,28708.01953,28418.63086,28703.38086,252760000,0,0
2020-01-07,28639.17969,28685.5,28565.2793,28583.67969,258900000,0,0
2020-01-08,28556.14063,28866.17969,0,28745.08984,291750000,0,0
2020-01-09,28851.9707,28988.00977,0,28956.90039,275060000,0,0
2020-01-10,28977.51953,29009.07031,28789.09961,0,237830000,0,0
2020-01-13,28869.00977,28909.91016,28819.42969,28907.05078,249830000,0,0
2020-01-14,28895.5,29054.16016,28872.26953,28939.66992,287440000,0,0
2020-01-15,28901.80078,29127.58984,28897.34961,0,260270000,0,0
2020-01-16,29131.94922,29300.32031,29131.94922,29297.64063,252110000,0,0
2020-01-17,29313.31055,29373.61914,29289.91016,29348.09961,321820000,0,0
2020-01-21,0,0,0,0,0,0,0
2020-01-22,29263.63086,29320.19922,29172.25977,29186.26953,283440000,0,0
2020-01-23,29111.01953,29190.4707,28966.98047,29160.08984,307060000,0,0
2020-01-24,29230.39063,29288.78906,28843.31055,28989.73047,380010000,0,0
2020-01-27,28542.49023,28671.78906,28440.4707,28535.80078,337270000,0,0
2020-01-28,28594.2793,28823.23047,28575.75,28722.84961,330140000,0,0
2020-01-29,28820.5293,28944.24023,28728.18945,28734.44922,302290000,0,0
2020-01-30,28640.16016,28879.71094,28489.75977,0,326850000,0,0
2020-01-31,28813.03906,28813.03906,28169.5293,28256.0293,403890000,0,0
2020-02-03,28319.65039,28630.39063,28319.65039,28399.81055,307910000,0,0
2020-02-04,28696.74023,28904.88086,28696.74023,28807.63086,332750000,0,0
2020-02-05,29048.73047,29308.89063,29000.84961,0,357540000,0,0
2020-02-06,29388.58008,29408.05078,29246.92969,29379.76953,263700000,0,0
2020-02-07,29286.91992,29286.91992,0,29102.50977,252860000,0,0
2020-02-10,28995.66016,29278.07031,28995.66016,29276.82031,250510000,0,0
2020-02-11,0,0,0,0,0,0,0
2020-02-12,29406.75,29568.57031,29406.75,29551.41992,309530000,0,0
2020-02-13,29436.0293,29535.40039,29345.92969,29423.31055,291150000,0,0
2020-02-14,29440.4707,29463.03906,29283.17969,29398.08008,231000000,0,0
2020-02-18,29282.7793,29330.16016,29116.81055,29232.18945,256600000,0,0
2020-02-19,29312.69922,29409.08984,29274.38086,29348.0293,240640000,0,0
2020-02-20,29296.25,29368.44922,28959.65039,29219.98047,287780000,0,0
2020-02-21,29146.5293,29146.5293,28892.69922,28992.41016,311210000,0,0
2020-02-24,28402.92969,28402.92969,27912.43945,27960.80078,452580000,0,0
2020-02-25,28037.65039,28149.19922,0,27081.35938,513270000,0,0
2020-02-26,27159.46094,27542.7793,26890.9707,26957.58984,472450000,0,0
2020-02-27,0,0,0,0,0,0,0
2020-02-28,25270.83008,25494.24023,24681.00977,25409.35938,915990000,0,0
2020-03-02,25590.50977,26706.16992,25391.96094,26703.32031,637200000,0,0
2020-03-03,26762.4707,27084.58984,25706.2793,25917.41016,647080000,0,0
2020-03-04,26383.67969,27102.33984,26286.31055,27090.85938,457590000,0,0
2020-03-05,26671.91992,26671.91992,25943.33008,26121.2793,477370000,0,0
2020-03-06,25457.21094,25994.38086,25226.61914,25864.7793,599780000,0,0
2020-03-09,24992.35938,24992.35938,23706.07031,23851.01953,750430000,0,0
2020-03-10,24453,25020.99023,23690.33984,25018.16016,654860000,0,0
2020-03-11,24604.63086,24604.63086,23328.32031,23553.2207,663960000,0,0
2020-03-12,0,0,0,0,0,0,0
2020-03-13,21973.82031,23189.75977,21285.36914,23185.61914,843080000,0,0
2020-03-16,20917.5293,21768.2793,20116.46094,20188.51953,770130000,0,0
2020-03-17,20487.05078,21379.34961,19882.25977,21237.38086,793060000,0,0
2020-03-18,20188.68945,20489.33008,18917.46094,0,871360000,0,0
2020-03-19,19830.00977,20442.63086,19177.13086,20087.18945,780300000,0,0
2020-03-20,20253.15039,20531.25977,19094.26953,19173.98047,872290000,0,0
2020-03-23,19028.35938,19121.00977,18213.65039,18591.92969,787970000,0,0
2020-03-24,19722.18945,20737.69922,19649.25,20704.91016,799340000,0,0
2020-03-25,21050.33984,22019.92969,20538.33984,21200.55078,796320000,0,0
2020-03-26,21468.38086,22595.06055,21427.09961,22552.16992,705180000,0,0
2020-03-27,21898.4707,22327.57031,21469.26953,21636.7793,588830000,0,0
2020-03-30,21678.2207,22378.08984,21522.08008,22327.48047,545540000,0,0
2020-03-31,22208.41992,22480.36914,21852.08008,21917.16016,571210000,0,0
2020-04-01,21227.38086,21487.24023,20784.42969,20943.50977,506680000,0,0
2020-04-02,20819.46094,21477.76953,20735.01953,21413.43945,529540000,0,0
2020-04-03,21285.92969,21447.81055,20863.08984,21052.5293,450010000,0,0
2020-04-06,21693.63086,22783.44922,21693.63086,22679.99023,610760000,0,0
2020-04-07,23537.43945,23617.24023,22634.44922,22653.85938,594660000,0,0
2020-04-08,22893.4707,23513.40039,22682.99023,23433.57031,472740000,0,0
2020-04-09,23690.66016,24008.99023,23504.08984,23719.36914,566400000,0,0
2020-04-13,23698.92969,23698.92969,23095.34961,23390.76953,394320000,0,0
2020-04-14,23690.57031,24040.58008,23683.43945,23949.75977,485910000,0,0
2020-04-15,23600.7207,23649.7207,23233.32031,23504.34961,437630000,0,0
2020-04-16,23543.66016,23598.08008,23211.38086,23537.67969,471050000,0,0
2020-04-17,23817.15039,24264.21094,23817.15039,24242.49023,525950000,0,0
2020-04-20,24095.09961,24108.68945,0,23650.43945,423410000,0,0
2020-04-21,0,0,0,0,0,0,0
2020-04-22,23437.33984,23613.09961,23339.59961,23475.82031,352880000,0,0
2020-04-23,23543.08984,23885.35938,23483.34961,23515.25977,389290000,0,0
2020-04-24,23628.24023,23826,23417.67969,23775.26953,376020000,0,0
2020-04-27,23866.15039,24207.65039,23840.60938,24133.7793,389390000,0,0
2020-04-28,24357.16992,24512.24023,0,24101.55078,400250000,0,0
2020-04-29,24490.36914,24764.76953,24453.99023,24633.85938,455290000,0,0
2020-04-30,24585.57031,24585.57031,24186.90039,24345.7207,487840000,0,0
2020-05-01,24120.7793,24120.7793,23645.30078,23723.68945,418160000,0,0
2020-05-04,23581.55078,23769.56055,23361.16016,23749.75977,355360000,0,0
2020-05-05,23958.88086,24169.7207,23868.91016,23883.08984,369710000,0,0
2020-05-06,23978.88086,24054.58984,23661.14063,23664.64063,377450000,0,0
2020-05-07,23837.21094,24094.61914,23834.39063,23875.89063,369890000,0,0
2020-05-08,24107.82031,24349.90039,24107.05078,24331.32031,335760000,0,0
2020-05-11,24256.44922,24366.21094,24070.2207,24221.99023,352400000,0,0
2020-05-12,24292.83984,24382.08984,23761.58008,23764.7793,359480000,0,0
2020-05-13,23702.16016,23708.90039,23067.64063,23247.9707,469950000,0,0
2020-05-14,23049.06055,23630.85938,22789.61914,23625.33984,472700000,0,0
